Tags,Video_Count
python,212
python tutorial,56
Python,48
python programming,36
learn python,35
programming,30
python 3,24
snake,22
python tutorial for beginners,22
python for beginners,21
tutorial,20
machine learning,18
snakes,15
python full course,15
coding,15
python course,14
Monty Python,14
python (programming language),13
flying circus,13
django,13
reptiles,12
learn python programming,12
python programming tutorial,12
python basics,12
life of brian,12
Python 3,12
animals,11
reptile,11
comedy,11
tech with tim,11
python3,11
anaconda,10
giant snake,10
John Cleese,10
python programming language,9
software development,9
british comedy,9
funny video,9
classic comedy,9
Python Tutorial,9
data science,9
lap trinh,9
reticulated pythons,8
python language,8
python from scratch,8
classic,8
humor,8
Terry Jones,8
sketch comedy,8
umour,8
snake eggs,8
reptile zoo,8
Python (Programming Language),8
eric idle,8
Programming,8
python projects,8
corey schafer,8
windows,8
retics,7
programming tutorial,7
snake attack,7
python crash course,7
getting started with python,7
web development,7
big snake,7
Terry Gilliam,7
funny,7
silly walks,7
Eric Idle,7
Michael Palin,7
prehistoric pets,7
prehistoricpets,7
reptile pets,7
reptile room,7
snake eyes,7
breeding pythons,7
reptile collection,7
computer science,7
java,7
monty python,7
john cleese,7
yt:cc=on,7
michael palin,7
Python 3.6,7
hello world,7
code,7
android,7
AI,7
alligator,6
alligators,6
animal planet,6
national geographic,6
Animals,6
funniest joke ever,6
English comedy,6
Graham Chapman college humor,6
sketch show,6
the holy grail,6
funny videos,6
the pythons,6
dead parrot sketch,6
official channel,6
prehistoricpetstv,6
jay brewer,6
snake collection,6
jay brewer snake video,6
retic,6
living the dream,6
science,6
Learn Python,6
holy grail,6
Curso de Python,6
terry gilliam,6
IT,6
cong nghe,6
tieng anh,6
learn programming,6
curso de python,6
crocodile,5
invasive species,5
dangerous,5
discovery channel,5
the wildlife,5
burmese python,5
cobra,5
how to,5
professional snake handler,5
jayprehistoricpets,5
html,5
prehistoric pets tv,5
python tutorials,5
Python (Software),5
Comedy,5
terry jones,5
software,5
software engineering,5
opencv,5
-,5
flask,5
PYTHON,5
pandas,5
matplotlib,5
numpy,5
Python for Beginners,5
Absolute Beginners,5
Python for Absolute Beginners,5
Python Basics,5
Getting Started with Python,5
Python 36,5
mac,5
pycharm,5
wild animals,4
anaconda vs crocodile,4
florida,4
heiko kiera,4
ojatro,4
primitive technology,4
reticulated python,4
wildlife,4
animal,4
giant python,4
bbc,4
indonesia,4
deep hole snake trap,4
snake trap,4
easy snake trap,4
king cobra,4
The Meaning of Life,4
#livingthedream,4
reptile room tour,4
snake bite,4
snake bites,4
Python Programming,4
Programming Language (Software Genre),4
eggs,4
python 3 tutorial,4
python curso,4
programacion,4
python web,4
best,4
Gustavo Guanabara,4
Python (Monty) Pictures Limited,4
python django tutorial,4
Python Tutorial for Beginners,4
video,4
programming language,4
visual studio code,4
web framework,4
python flask,4
tu hoc,4
linux,4
jupyter notebook,4
basic,4
program,4
learn to code,4
javascript,4
co ban,4
terminal,4
go,4
crocodiles,3
python snakes,3
aggressive,3
primitive skills,3
python attack,3
Animals World Wide,3
World,3
Wide,3
fish video,3
amazing video,3
pet fish,3
beautiful fish,3
a lot of fish,3
cute fish,3
cute animals video,3
cute animal videos,3
fish,3
clips,3
wild,3
asmr,3
Florida,3
Snake,3
mosh hamedani,3
python 2020,3
monster,3
yt:crop=16:9,3
catch em all fishing,3
diy,3
fishing,3
sketch,3
travel,3
panda pied,3
behind the scenes,3
education,3
Python Video Tutorial,3
engineer man,3
python hacking,3
python desktop,3
php,3
performance,3
spam,3
Curso de Programacao para Iniciantes,3
Curso de Programacao em Python,3
reticulated,3
python training,3
edureka,3
python edureka,3
python tutorial 2021,3
google,3
learn python online,3
python course for beginners,3
python coding,3
what is python used for,3
Tutorial,3
Monty Python And The Holy Grail (Film),3
clip,3
django tutorial,3
learn,3
Pandas,3
Numpy,3
python 3.6,3
tv,3
python scripting tutorial,3
Keith Galli,3
Excel,3
programmation,3
animaux,3
Socratica,3
Computer Science (Industry),3
SocraticaCS,3
psf,3
pycon2013,3
variables,3
Python Data Types,3
software developer,3
lap,3
trinh,3
beginner,3
phan mem,3
tu au,3
Dung Lai,3
dung lai,3
dunglailaptrinh,3
dung lai lap trinh,3
codezilla,3
python desde cero,3
lenguaje de programacion,3
artificial intelligence,3
deep learning,3
Python course,3
2020,3
graham chapman,3
data science python,3
Python3,3
data,3
master python,3
dasar,3
belajar,3
scientific,3
python dasar,3
tutorial python bahasa indonesia,3
pemrograman,3
introduction,3
pengenalan,3
pendahuluan,3
belajar python,3
python indonesia,3
web programming,3
koding python,3
koding,3
belajar python bahasa indonesia,3
belajar python indonesia,3
scipy,3
scraping,3
programmer,3
Game,3
if,3
else,3
Windows,3
Linux,3
Mac,3
computer,3
c++,3
language,3
leopard vs,2
python vs,2
venomous,2
the everglades,2
python vs alligator,2
alligator vs python,2
conservation,2
world news,2
wwf,2
wild animal attacks,2
wild animals attack,2
primitive survival skills,2
primitive survival,2
boy saves komodo dragon,2
saves animal,2
animal attacks,2
primitive man saves family chicken from python attack,2
python attack on chicken nest,2
Python Hole Trap,2
python vs crocodile,2
dangerous reptiles,2
koi carp fish,2
goldfish,2
Koi,2
Crocodile,2
bhb reptiles,2
snake genetics,2
tiger reticulated python,2
viral,2
attack,2
fight,2
animal channel,2
freecodecamp,2
feeding,2
dangerous animal,2
snake feeding,2
python 2019,2
python tutorial for beginners full,2
amazing,2
ular,2
ular terpanjang,2
ular raksasa,2
penemuan ular,2
evakuasi ular,2
manda petualang,2
panji petualang,2
ular tanah,2
titanoboa,2
ular dipong,2
ular berbisa,2
invasive,2
aquarium,2
vlog,2
catch em all,2
pet,2
family,2
jacob feder,2
snake discovery,2
magnet satisfying,2
magnetic balls,2
magnet balls,2
how to build,2
magnets,2
most creative,2
magnet asmr,2
magnet,2
magnet satisfaction,2
monty,2
cobras,2
monocled cobra,2
chandler's wild life,2
hatching eggs,2
all my pets,2
reptile keeping,2
venomous reptiles,2
turtle,2
snake bites man,2
university,2
Molly Fish,2
fish tank,2
Jay Brewer,2
Primitive Technology,2
pypi,2
Classes,2
coding tutorial for beginners,2
programming tutorial for beginners,2
javascript tutorial for beginners,2
java tutorial for beginners,2
Python Tutorial in Hindi,2
Learn Python in Hindi,2
Python Full Course in Hindi,2
cs,2
ruby,2
C++,2
python  1,2
dead parrot,2
cheese shop,2
always look on the bright side of life,2
food,2
clutch,2
breeding,2
snaks,2
learning python,2
testing,2
test,2
what can you do with python,2
python applications,2
python data science,2
python machine learning,2
Computer Science,2
telusko,2
navin,2
reddy,2
ai,2
Live,2
OOP,2
animal video,2
huge snake,2
the reptile zoo,2
Meaning of Life,2
python django,2
how to make,2
Holy Grail,2
developer,2
Animals attacks 2021,2
Animals 2021,2
Animals attacks,2
Wild Animal Attacks,2
Java,2
pyautogui,2
top 10,2
monty python and the holy grail,2
code with mosh,2
programming with mosh,2
object detection,2
computer vision,2
image processing,2
engineering,2
python projects for intermediate,2
python project ideas,2
GUI,2
UI,2
how to program,2
Python Project,2
How to,2
python programming for beginners,2
Python programming,2
Python for beginners,2
KGMIT,2
MIT,2
Data Science,2
python data science tutorial,2
lyric video,2
graven,2
informatique,2
serpent,2
python objects,2
object oriented programming python,2
what is python,2
why you should learn python programming,2
python classes and objects,2
how to learn python for beginners,2
idle,2
talk,2
Developer,2
pythons,2
intermediate python,2
loops,2
Python Language,2
Python Dictionary,2
Python dict,2
Hashmap,2
Associative Array,2
Key-Value Pairs,2
Python For Beginners,2
python dictionary tutorial,2
dictionaries in python,2
python dictionary,2
Vet,2
TV,2
flask tutorial,2
python framework,2
flask framework,2
trading,2
programlama dili,2
python dersleri,2
diy snake trap,2
snake trap technology,2
backend,2
curso de programacion,2
programar en python,2
kivy,2
programming for beginners,2
python tips,2
python tricks,2
python 2021,2
onride,2
rollercoaster,2
Hello world,2
programlama,2
spam song lyric video,2
spam email,2
monty python spam song,2
spam song,2
monty python official,2
flying circus spam,2
monty python spam,2
spam spam spam,2
monty pythons flying circus,2
monty python lyric video,2
machine learning python,2
python tutorial portugues,2
programacao,2
curso python,2
python pandas,2
data scientist,2
data science tutorial,2
introduction to python,2
Computer Programming (Professional Field),2
lap trinh python,2
NumPy,2
Numerical Python,2
Matrix,2
Array,2
NumPy vs Lists,2
NumPy Tutorial,2
Linear Algebra,2
Math in Python,2
Why use NumPy,2
Beginner Numpy Tutorial,2
numpy tips,2
numpy tricks,2
Linear algebra python,2
how to use numpy,2
scipy tutorial,2
matlab,2
benefits of numpy,2
numpy lecture,2
Advanced NumPy,2
Numpy lesson,2
how to learn numpy,2
array library,2
lists,2
python lists,2
fast,2
dimension,2
initialize,2
analysis,2
expert python,2
mastering python,2
python expert,2
how to master python,2
how to learn python,2
vs code,2
visual studio,2
Merveilles du monde,2
les faits,2
les animaux,2
programowanie,2
PyCharm,2
Trailer,2
ung dung,2
if else,2
game,2
flappy bird,2
ran san moi,2
exe,2
window,2
independent,2
latest bangla news,2
latest bd news,2
live news,2
exclusive news,2
desher khobor,2
bangladesh news,2
how to learn python fast,2
OpenCV Tutorial,2
Python 3.x.x,2
Online Course,2
Python Guru,2
PyCharm IDE,2
OpenCV,2
OpenCV Tutorial for Beginners,2
Computer Vision,2
Computer Vision Basics,2
Computer Vision Tutorial,2
Image Processing,2
OpenCV Python Tutorial,2
TUV,2
sadi evren seker,2
platzi,2
flask rest api,2
rest api,2
python in arabic,2
Victor Robles,2
Victor Robles WEB,2
aprender python,2
curso de python desde cero,2
tutorial de python,2
desarrollo web,2
data analyst,2
big data,2
que es python,2
para que sirve python,2
for,2
python software,2
python download,2
docker,2
upwork,2
python api,2
abn news,2
abn telugu,2
abn andhrajyothi,2
abn news live,2
abn news online,2
abn online,2
abn videos,2
abn rk videos,2
abn live,2
abn telugu news,2
abn news channel,2
abn live news,2
ap news,2
telangana news,2
ap live news,2
ap news updates,2
hyderabad live news,2
telangana live news,2
telugu news,2
latest news today,2
latest telugu news,2
cs50,2
harvard,2
david,2
j.,2
malan,2
free,2
SQL,2
ide,2
roadmap,2
tutorial python,2
JAVA,2
MongoDB,2
official trailer,2
rap francais,2
hashtag programacao,2
curso de python online,2
leopard vs python,1
giant python hunt leopard cubs,1
animals save fail,1
leopard hunt impala,1
leopard save cubs from python,1
leopard save cubs fail,1
big cats,1
giant python hunting,1
leopard cubs fail escape,1
baby leopard vs python,1
anaconda hunt,1
snake vs alligator,1
vs,1
burmese pythons,1
deadly reptiles,1
poison,1
venom,1
endangered,1
plants,1
crocodile vs python,1
alligator dental,1
Primitive Boy Saves Komodo Dragon From Python Attack - Most Amazing Wild Animal Attack,1
Boy Saves Komodo Dragon From Python Attack,1
chicken,1
family chicken,1
Python Trap Using Electric Fan Guard,1
Deep Hole Underground Python Trap,1
Deep Hole Python Trap,1
Python Snake Trap,1
python vs alligator 10,1
python snake,1
snake vs crocodile,1
poisonous,1
deadly fight,1
deadly animals,1
real fight,1
swamp war,1
Big Python Cute Baby Ranchu Goldfish Molly Ping Pong Angelfish Cichlid Koi Carp Fish animals Videos,1
betta fish,1
koi fish,1
koifish,1
pleco,1
pleco fish,1
carp,1
carps,1
angelfish,1
angel fish,1
guppy,1
guppy fish,1
guppies,1
Goldfish,1
Rainbow,1
Black Koi Fish,1
Pink,1
Cute Crocodile,1
Snakes,1
Snaks,1
snake movie,1
snakebytes,1
snakes video,1
piedbald,1
reticulated pythons as pets,1
pet snakes,1
gravid python,1
polymorphism,1
tiger gene,1
codominant mutation,1
reticulated python genetics,1
crocodile monitor,1
anaconda snake,1
giant snakes,1
polymorphic,1
usark,1
world's longest snake,1
world's longest snakes,1
snakebytestv,1
storytrender,1
catersnewsagency,1
Honey Badger,1
Jackal,1
nature,1
safari,1
showdown,1
unexpected,1
tourist,1
twist,1
Chobe Park,1
Botswana,1
Africa,1
African,1
squeeze,1
squeezing,1
sneaky,1
pair,1
triple,1
epic,1
hungry,1
lucky,1
prey,1
desperate,1
escape,1
coils,1
africa wild animals,1
big cat,1
wild things,1
anaconda vs,1
leopard cubs,1
baby leopard,1
impala vs,1
python hunt leopard cubs,1
python swallowing leopard cubs,1
leopard ambush impala from tree,1
python too aggressive,1
leopard cubs can't escapes python,1
mother leopard save baby fail,1
animals save,1
animals hunting,1
python swallowing leopard cubs when mother hunt impala,1
leopard python impala,1
mother leopard hunting impala,1
cheetah,1
Mongoose,1
mongoose vs cobra snake,1
battle fight,1
honey badger,1
eagle vs snake,1
mongoose attack,1
mongoose fights snake,1
stop motion cooking,1
primitive,1
primitive cooking,1
animation,1
stop motion cooking primitive,1
ASMR Cooking,1
Cooking ASMR,1
cooking,1
stopmotion making food,1
unusual cooking,1
creative cooking,1
eating sounds,1
asmr mukbang,1
python eats alligator,1
stop motion cooking goldfish,1
mud cooking,1
experiment,1
stop motion experiment,1
stop motion,1
big fish hunt fish,1
big fish eat fish,1
big fish,1
golden egg,1
big python goldfish,1
big python,1
primitive boy saves komodo dragon from python attack - most amazing wild animal attack,1
boy saves komodo dragon from python attack,1
most amazing wild animal attack,1
python tutorial 2018,1
python at alligator pond 07,1
drinking,1
The Everglades,1
Heiko Kiera,1
Ojatro,1
the wild life,1
bbc news radio,1
larva,1
larva official,1
tuba,1
larva 2016,1
larva season 4,1
larva 2016 full movie,1
larva song,1
larva tuba,1
larva full movie,1
larva animation,1
larva cartoon,1
larva cartoon 2016,1
larva compilation,1
larva episodes,1
larva english full episodes,1
larva english,1
larva full episode,1
larva funny,1
larva hd,1
larva rangers,1
larva netflix,1
larva island,1
larva 2019,1
larva new york,1
lava,1
lavra,1
larva 2017,1
larva 2017 movie,1
larva island full episodes,1
eaten alive,1
tiger python,1
attack on human,1
deadly venomous snakes,1
deadly poisonous snakes,1
goat,1
mammal,1
dead,1
cadaver,1
dangerous snake,1
Dragon,1
indonesian street food,1
indonesia street food,1
curry,1
soup,1
indonesian food,1
manado,1
Indigo snake eats python,1
eastern indigo snake,1
snake killing prey,1
dead animal,1
aggressive animal,1
Everglades,1
Easy Snake Trap - Build Deep Hole Underground Python Trap Using Big Basket Work 100%,1
Build Deep Hole Underground Snake Trap,1
Easy Snake Trap,1
bucket,1
binatang,1
hewan,1
big animals,1
ular terbesar,1
biggest snake,1
ular besar,1
Birth,1
catfish,1
ace videos,1
florida python,1
pond,1
fishing videos,1
zak catchem,1
rawwfishing,1
coralfish12g,1
shark,1
predatory fins,1
fisherman's life,1
pool,1
cashnasty,1
fish trap,1
jon b.,1
bluegabe,1
carter sharer,1
the king of diy,1
barbs buzzin,1
blakes exotic animal ranch,1
15 foot monster,1
bass,1
618 fishing,1
flair,1
blacktiph,1
#magnetsatisfying,1
how to build amazing castle for python and snake,1
amazing castle,1
castle for python,1
snake castle,1
python castle,1
satisfying,1
magnetic,1
satisfaction,1
magnet creative,1
magnetic ball,1
magnet construction,1
magnet ball,1
handicraft,1
magnetism,1
asmr relax,1
playing with magnets,1
fun with magnets,1
for pet,1
communist,1
quiz,1
hollywood,1
bowl,1
world,1
forum,1
Reptile Channel,1
health,1
zoology,1
master of zoology,1
thesis,1
Online degree program,1
bachelor degree accreditation,1
masters degree accreditation,1
online masters degree,1
online college,1
online courses,1
snake eating,1
snake eats,1
eats,1
eating,1
department of botany and zoology,1
rabbit,1
african rock python,1
snake tries to enter house,1
KING COBRA,1
king cobra eating snake,1
king cobra eating python,1
Venomous snakes,1
chandler,1
feeding all my pets,1
Reptile room tour,1
Python Out From Balloons - Attractive Aquarium (Crocodile Turtle Molly Fish Koi Goldfish Cichlid),1
Python Out From Balloons,1
Balloons,1
Attractive,1
Aquarium,1
Turtle,1
Goldfish Cichlid,1
amazing news,1
amazing stories,1
amazing story,1
barcroft animals,1
barcroft tv,1
documentary,1
Barcroftmediaanimalstag,1
Beast Buddies,1
snake handler,1
pet store,1
The Reptile Zoo,1
reptile species,1
amphibians,1
arachnids,1
reticulated python morphs,1
iguanas,1
giant tortoises,1
monitor lizards,1
Beastly,1
245875,1
February 2020,1
Primitive Cooking KT,1
Primitive Life,1
Sleeping Meet Giant Anaconda,1
Sleeping Meet Giant Anaconda Python,1
Sleeping Meet Giant Anaconda Python Underground Crack,1
Meet Giant Anaconda Python,1
Meet Giant Anaconda Python Underground Crack,1
Giant Anaconda,1
Giant Anaconda Python Underground Crack,1
Skills Catch Big Python,1
Big Python,1
Variables,1
Functions,1
Lists,1
Loops,1
Sets,1
Dictionaries,1
I/O,1
Libraries,1
Error-Handling,1
Statements,1
If Statements,1
Importing,1
Galaxy Song,1
C++ tutorial for beginners,1
python variables,1
extreme food,1
giant snake python,1
extreme food the best in indonesia,1
making giant snake python anaconda,1
masak ular,1
cook snake,1
chinese food,1
extreme food snake,1
cook giant python,1
moster river,1
monster snake,1
nau tran ran khong lo,1
cocinar piton serpiente gigante,1
travel thirsty,1
yummy boy,1
makanan khas kalimantan,1
The Young's Story,1
Mukbang,1
Anaconda,1
Extreme market,1
Extreme manado,1
Mukbang snake,1
Frayne Rosanoff,1
hollywood movies 2016 full movies,1
hollywood movies 2016,1
python movie in hindi,1
python movies full,1
hollywood movies,1
Hollywood Full Movies,1
english movies,1
full english movies,1
hollywood classics full movies,1
english classic movies full length,1
python movie part 1,1
python movie,1
python 2000 full movie online free,1
python 2000 full movie download,1
python 2000 full movie,1
python 2000 full length english movie,1
hollywood action movie new,1
frayne rosanoff movie,1
top animals,1
animals vs,1
moments,1
caiman,1
python vs caiman,1
Every Sperm is Sacred,1
craigslist scam,1
messing with scammers,1
Garaga makan phyton,1
Garaga makan ular,1
Garaga,1
Panji petualang,1
Panji,1
#panji petualang,1
Panji petualang king kobra terbesar,1
Teman panji,1
King kobra vs piton,1
King kobra vs python,1
Panji petualang terbaru 2020,1
Garaga panji,1
Monitoring garaga,1
Pelepasan garaga,1
Garaga muncul kembali,1
Garaga muncul,1
Berlliana llovel,1
BerllianA,1
LLovel,1
Battle snake,1
King cobra,1
Snake fight,1
King kobra,1
Biggest king kobra,1
King kobra terbesar,1
Python Tutorial for beginners,1
python hindi,1
complete python tutorial,1
python tutorial by harry,1
python tutorial code with harry,1
python tutorial by Harry bhai,1
python tutorial in hindi,1
python class 10 cbse,1
python class 12,1
learn python for free,1
python course in hindi free,1
hindi course python,1
learn python hindi,1
hindi tutorial on python,1
python programming tutorial in hindi,1
brian barczyk,1
leopard gecko,1
ball python,1
animalbytestv,1
how to learn to code,1
how to learn programming,1
how to teach yourself programming,1
how to get a job at google,1
programming online resources,1
how to teach yourself coding,1
how I learned coding,1
IOC,1
Olympics,1
London 2012,1
Games,1
Sport,1
Athletics,1
Track,1
Field,1
2012,1
Rio,1
2016,1
Brazil,1
Team GB,1
USA,1
China,1
Russia,1
France,1
olympic,1
hilarious,1
jokes,1
closing ceremony,1
opening ceremony,1
quotes,1
rocket,1
Beijing,1
bits,1
laugh,1
and now for something completely different,1
the meaning of life,1
argument,1
black knight,1
highlights,1
king cobra vs python,1
ular di dunia,1
trending,1
penangkapan ular,1
catch n cook,1
catch n cook python,1
giant pythons,1
pythons in florida,1
chef o,1
massive pythons,1
eating python,1
wild snakes in florida,1
catch n cook snake,1
iguana,1
iguanas falling from trees,1
catch n cook iguana,1
florida iguana,1
iguana man,1
iguanas in florida,1
iguanas in florida infestation,1
eating iguana,1
how to catch,1
giant iguanas,1
giant iguanas in florida,1
iguana catch and cook,1
python hunting,1
robert arrington,1
edureka python,1
best python course,1
languages,1
beginning python,1
google python class,1
python tutorial google,1
python class,1
python lecture,1
google developers python,1
python video tutorial,1
html5,1
learn cs,1
learn coding,1
python training for beginners,1
Intellipaat,1
12 hour coding,1
12 hour coding stream,1
coding livestream,1
live coding,1
coding livestream tech with tim,1
python game development,1
multiplayer game python,1
python live coding,1
demo,1
demolition,1
demoranch,1
demolitionranch,1
ranch,1
vet,1
vetranch,1
offtheranch,1
off,1
the,1
matt,1
dr. matt,1
dr matt,1
dr,1
dr.,1
python application,1
python data sciencw,1
python scripting,1
python data visualization,1
One Stop Programming,1
Beginner,1
IDLE,1
notepad++,1
System Variable,1
Python Setup,1
Hello World,1
Programming Tutorial,1
robotics,1
The Lumberjack Song (Composition),1
Dead Parrot Sketch (TV Episode Segment),1
Monty Python (Comedy Group),1
Eric Idle (Author),1
Michael Palin (Author),1
And Now For Something Completely Different (Film),1
movie clip,1
peasent scene,1
Scene,1
Muse,1
Funny,1
england,1
The All New Channel 2012,1
Channel 2012,1
Object Oriented,1
Python Classes,1
Python Objects,1
Classes in Python,1
Python OOP,1
Class,1
Python Class,1
init,1
Python init,1
__init__,1
Instance,1
Instances,1
Objects,1
Object Oriented Programming,1
Attributes,1
Methods,1
galaxy song,1
stephen hawkins,1
monty python music,1
monty python songs,1
brian cox,1
the galaxy,1
the universe,1
Monty Python Sings (Musical Album),1
Stephen Hawking (Academic),1
Record Store Day (Holiday),1
meaning of life,1
the audit,1
the argument sketch,1
Holy Grail (Film Subject),1
Life Of Brian (Film),1
python for everybody,1
university of michigan,1
dr. chuck,1
charles severance,1
dr chuck,1
u of m,1
python tutorial 2019,1
py4e,1
python for everyone,1
Human,1
Weapon,1
MMA,1
ufc,1
pride,1
fc,1
jason,1
chambers,1
bill,1
duff,1
silat,1
malaysia,1
martial,1
arts,1
instructional,1
falkofire,1
animals attack,1
reptiles attack,1
crocodile vs snake,1
alligator vs snake,1
eagle vs lizard,1
komodo dragon attack,1
comodo,1
monkey,1
honey badger vs snake,1
animals video,1
titanoboa snake,1
world record,1
world record snake,1
Mr. Creosote,1
Monty Python's Meaning of Life,1
django course,1
python django course for beginners,1
django 2.0 tutorial,1
django docs,1
django framework,1
python django course,1
python django framework,1
#magnetballs,1
magnetballs,1
lego magnet,1
creative magnet,1
magnetic art,1
do it yourself,1
oddly satisfying,1
100 satisfaction,1
satisfying videos,1
satisfying and relaxing,1
satisfying magnetic balls,1
swimming pool,1
python and snake,1
snake house,1
python house,1
water park,1
water park for python,1
python playground,1
biggest snake in the world,1
TITANOBOA,1
biggest snake in the world found alive,1
biggest snakes caught on camera,1
biggest snakes ever found,1
caught on camera,1
caught on tape,1
worlds biggest anaconda,1
biggest snake ever caught on camera,1
largest snake,1
largest snake ever found,1
biggest snakes on earth,1
The Biggest Snakes Ever Discovered On Earth,1
biggest snakes to ever Exist,1
giant anaconda,1
giant snake caught on camera,1
biggest animals ever,1
world list top 10,1
Monty Python and the Holy Grail,1
Knights Wo Say Ni,1
fun,1
play,1
kids,1
teach,1
school,1
dissect,1
study,1
feder,1
burmese,1
giant,1
spear,1
hunt,1
capture,1
native,1
eat,1
15 foot,1
raww fishing,1
ryan iz fishing,1
monster mike,1
snake bytes,1
bites,1
kody antle,1
brave wilderness,1
coyote peterson,1
steve irwin,1
irwin,1
exercicios resolvidos em Python,1
Exercicios de programacao,1
comando print no Python,1
comando input no Python,1
primeiro programa Python,1
cleverprogrammer,1
clever programmer,1
freelancing course,1
freelance,1
django framework tutorial,1
web development 2019,1
web development projects,1
django project,1
web scraping,1
web development 2020,1
Manual de instalacao do Python,1
Como instalar o Python,1
Instalando o Python e o IDLE,1
Faca programas em Python,1
Aprenda a programar em Python,1
Instalando Python no Windows,1
Instalando Python no Linux,1
Instalando Python no Mac OS,1
rabbit attack,1
danger,1
scary,1
full hd,1
movie,1
c,1
Scratch,1
Entry,1
3.0,1
arduino,1
iot,1
rpa,1
gui,1
tkinter,1
beautifulsoup,1
matplot,1
knn,1
6,1
if else statements,1
how to use if else statements,1
conditional statements python,1
conditional statemets,1
conditionals,1
python for absolute beginners,1
install python,1
python install,1
python beginner tutorial,1
python setup,1
setup python,1
python windows,1
python windows install,1
python mac,1
python mac install,1
python os x,1
python 36,1
corey schafer python,1
homicidal barber,1
lumberjack song,1
funniest joke,1
nudge nudge,1
self defense,1
fresh fruit,1
argument clinic,1
upper class twit,1
funniest,1
greatest,1
iconic,1
iconic characters,1
the life of brian,1
monty python's flying circus,1
eric idle career,1
eric idle interview,1
eric idle gq,1
eric idle characters,1
monty python characters,1
eric idle 2018,1
eric idle iconcic characters,1
eric idle iconic,1
eric idle monty python,1
eric idle movies,1
eric idle simpsons,1
gq,1
gq magazine,1
nour homsi,1
drnour,1
Monty Python (Actor),1
Lumberjack Song,1
oduncu gomlegi,1
python function,1
python tutorial function,1
face,1
haar,1
opencv tutorial,1
opencv python tutorial,1
opencv tutorial for beginners,1
opencv python,1
Learn OpenCV,1
install opencv,1
opencv pyhton tutorials,1
opencv projects,1
opencv object detection,1
opencv python install,1
pycharm ide,1
computer vision basics,1
learn computer vision,1
expert,1
development,1
python projects examples,1
example python programs,1
example python applications,1
python projects for beginners,1
good python projects,1
example python projects,1
Tkinter,1
Python Tkinter,1
Python GUI,1
Python Application,1
User interface,1
GUI Python,1
Graphical User Interface,1
Python UI,1
Python 3 Programming,1
UI Design,1
UI Python,1
Good Tkinter Application,1
How to program a tkinter application,1
Tkinter Library,1
tk,1
API,1
tkinter tutorial,1
tkinter course,1
Video Tutorial,1
How-to,1
Software,1
Software Engineering,1
Development,1
name,1
main,1
Python Tutorials,1
python for data science,1
python programming full course,1
intellipaat python,1
base,1
tornado,1
pygame,1
kiwy,1
2019,1
Great Learning,1
Great Lakes,1
Python in Hindi,1
Python tutorial for beginners in Hindi,1
Python Hindi,1
Python Programming in Hindi,1
Python Tutorial in Hindi for beginners,1
Python for Data Science,1
Python for Data Analytics,1
Python for Machine Learning,1
Python Data Science Hindi,1
Python 2020,1
django 2,1
django 2.0,1
django 2.1,1
django version 2,1
python django 2,1
django install,1
django tutorial for beginners,1
django getting started,1
django introduction,1
django hello world,1
python eggs,1
snake egg,1
barstool sports,1
barstool outdoors,1
yp,1
young pageviews,1
battle,1
hunting,1
outdoors,1
outdoors and adventures,1
hunting pythons,1
travel & events,1
adventure,1
snake hunting,1
cotton mouth,1
water moccasin,1
everglades,1
Python Pandas,1
Pandas Library,1
pd,1
Csv,1
Reading CSV in Python,1
Data Science in Python,1
Python Pandas tutorial,1
Data analysis in python,1
how to do data analysis using python,1
Reading excel files with python,1
sorting data,1
pandas library tutorial,1
simple,1
easy,1
groupby in python pandas,1
reset index pandas,1
index python pandas,1
stats in python,1
python statistics,1
always look,1
on the bright side,1
of life,1
official lyric,1
singalong,1
karaoke,1
monty python sings,1
sings again,1
Tipos Primitivos,1
print,1
int,1
float,1
bool,1
str,1
videos,1
gravenilvec,1
apprendre le python,1
coder python,1
les bases du python,1
python programmation,1
creer des programmes en python,1
installer pycharm,1
tuto fr python,1
tutoriel python,1
animaux sauvage,1
wild life,1
attaque,1
combat,1
credit card scammer,1
punish scammer,1
scam the scammer,1
good deed,1
the dodo,1
Animal Rescue,1
dodo,1
cute animals,1
pets,1
pet videos,1
wildlife videos,1
animals the dodo,1
the dodo animals,1
rescuing animals,1
the dodo python,1
rescuing python,1
python rescue,1
giving python a bath,1
Drone coding,1
drone programming,1
drone opencv,1
drone tracking,1
quadcopter opencv,1
quadcopter coding,1
quadcopter programming,1
tello drone,1
tello opencv,1
tello opencv python,1
tello image processing,1
drone programming with python,1
drone programming easy,1
easy tello opencv,1
object tracking tello,1
object detection drone,1
object tracking drone,1
tello drone programming,1
easy programming of drone,1
code tello,1
easy opencv object drone,1
program drone,1
drone code,1
for loops,1
tutorial for beginners,1
rNgs,1
MEWx,1
cobra gigante na amazonia,1
cobra gigantesca,1
cobra gigante no rio,1
cobra gigante anaconda,1
cobra gigante atravessando o rio,1
cobra gigante amarela,1
cobra gigante assustadora,1
a cobra gigante do mundo,1
a cobra gigante que apareceu na china,1
cobra gigante na agua,1
cobra gigante brasil,1
cobra bem gigante,1
cobra gigante cruzando,1
cobra gigante colorida,1
cobra gigante cacando,1
cobra gigante de verdade,1
cobra gigante dentro da agua,1
cobra gigante em rio,1
python oop,1
python object oriented programming,1
classes python,1
object oriented programming beginners,1
object oriented programming beginners tutorial,1
oop for beginners,1
python data analysis tutorial,1
python matplotlib tutorial,1
matplot lib tutorial,1
matplotlib tutorial,1
why python,1
why learn python,1
why to learn python,1
why you need to learn python,1
why should i learn python,1
why learn python programming,1
why learn python programming language,1
why learn python first,1
why learn python coding,1
why learn python 2019,1
pyohio,1
pyohio_2018,1
AliceZhao,1
python tips and tricks,1
ternary operator,1
python ternary operator,1
python ternary,1
ternary conditional,1
python underscore,1
context manager,1
enumerate,1
python enumerate,1
python zip,1
python zip function,1
python unpacking,1
python setattr,1
python getattr,1
python dash m,1
python -m,1
python help function,1
python dir function,1
skillshare,1
skillshare.com,1
clean code,1
how to write clean code,1
pythonic,1
Caer,1
object oriented programming tutorial python,1
cs dojo python,1
python programming language for beginners,1
What Can You Do With Python,1
Python programming for beginners,1
flying,1
circus,1
yorkshiremen,1
john,1
cleese,1
graham,1
chapman,1
terry,1
gilliam,1
jones,1
eric,1
michael,1
palin,1
computer language,1
Programming Language (Literary Genre),1
Programmer (Occupation),1
Computer Engineering (Field Of Study),1
Computer Scientist (Job Title),1
RaymondHettinger,1
python tutorials for beginners,1
python 3.7,1
Microsoft,1
Wonders of the World,1
Interesting facts,1
real-life story,1
porcupine,1
animal world,1
porcupine habitats,1
wonders of the world hd,1
top 10 wonders of the world 2018,1
7 wonders of the world,1
python nprogramming,1
modulos em python,1
Python package index,1
import,1
python math,1
python random,1
python emoji,1
visual code,1
tamil hacks,1
learn python in tamil,1
python in tamil,1
python beginner guide,1
basic python,1
advance python,1
python tutorials in tamil,1
learn python tutorials,1
SUNDEEP,1
SARADHI,1
KANTHETY,1
PROGRAMMING,1
FEATURES,1
APPLICATIONS,1
INTERPRETER,1
PYTHON SHELL,1
INTRODUCTION,1
BEGINNERS,1
PLATFORM INDEPENDENT,1
PYTHON BASICS,1
PYTHON FUNDAMENTALS,1
LIST,1
SET,1
TUPLES,1
DICTIONARY,1
FUNCTIONS,1
LIBRARIES,1
PYTHON IN TELUGU,1
TELUGU TUTORIAL,1
PYTHON FIR BEGINNERS,1
indentation,1
control structures,1
operators,1
membership,1
identity,1
python in single video,1
files,1
conditional statements,1
applications,1
identifiers,1
recursion,1
types of arguments,1
complete python,1
mine bitcoin python,1
crypto mining python,1
blockchain mining python,1
bitcoin mining python,1
bitcoin mining for beginners,1
python bitcoin miner,1
bitcoin mining code,1
bitcoin mining using python,1
bitcoin mining,1
bitcoin mining with python,1
bitcoin mining tutorial,1
blockchain python,1
bitcoin mining 2021,1
bitcoin mining python script,1
python blockchain,1
python crypto mining,1
bitcoin python,1
python bitcoin,1
bitcoin code,1
bitcoin mining software,1
Python Lists,1
Python Tuples,1
Python Sets,1
class,1
classes,1
object,1
objects,1
instance,1
instances,1
field,1
fields,1
method,1
methods,1
constructor,1
socraticapython,1
how to program in python,1
programming in python,1
python classes,1
classes in python,1
objects in python,1
classes and objects in python,1
What is Python With Full Information?,1
What is Python With Full Information in Hindi?,1
What is python used for,1
Python software,1
Learn python,1
Python programming examples,1
Features of python,1
Guido Van Rossum,1
What is python?,1
Python Language History,1
Python Language Video in Hindi,1
make money coding,1
make money coding from home,1
coding money,1
how to make money coding,1
freelance coding,1
software developer freelance jobs,1
freelancing software developer,1
how developers make money,1
freelance developer tips,1
make money programming,1
ways to make money coding,1
how to make money as a programmer,1
software engineer,1
how to make money as a software developer,1
make money programming online,1
freelancing,1
ethical hacking using python,1
python programmer for ethical hacking,1
cybersecurity using python,1
python networking,1
ethical hacking course,1
ethical hacking programming,1
python for ethical hacking,1
ethical hacking python 3,1
master in ethical hacking python,1
learn python & ethical hacking from scratch,1
ethical hacking edureka,1
cybersecurity edureka,1
lumberjack lyric,1
bruce's song,1
philospher song,1
bruces song,1
Watch,1
Bondi,1
Online,1
Free,1
Download,1
Full Episodes,1
New,1
Latest,1
Episode,1
Series,1
Show,1
Channel 9,1
Host,1
Chris Brown,1
Dogs,1
Cats,1
Foxtel,1
help,1
advice,1
cute,1
puppy,1
cat,1
kitten,1
dog,1
green tree python,1
green tree snake,1
python flask tutorial,1
python flask tutorial for beginners,1
flask tutorial for beginners,1
flask getting started,1
flask hello world,1
flask project,1
python web framework,1
flask web framework,1
python web application,1
web application,1
Python Functions,1
Python Function,1
def,1
Python def,1
Functional Programming,1
python functions,1
functions in python,1
args,1
kwargs,1
python args,1
python kwargs,1
*args,1
**kwargs,1
python *args,1
python **kwargs,1
Dersleri,1
Egitim,1
Seti,1
Yazlm Bilimi,1
Programlama,1
Yazlm,1
Temel,1
Input Alma,1
Kosullu Durumlar,1
Mustafa Murat Coskun,1
While Dongusu,1
For Dongusu,1
Dosyalar,1
Continue,1
Object Oriented Programlama,1
Degiskenler,1
programlama dilleri,1
programlama temelleri,1
programlama nedir,1
programlama nasl yaplr,1
programlama algoritma,1
python nedir,1
python 3.6 dersleri,1
python hack,1
python yapay zeka,1
cutter snake trap,1
python trap,1
build deep hole underground snake trap,1
easy snake trap - build underground python trap using plastic bottle & electric fan that work 100%,1
como instalar,1
como programar,1
aprender programacion,1
curso desde cero,1
curo gratuito,1
curso gratis,1
curso online,1
play market,1
techlead,1
unit test,1
unittest,1
unit testing,1
python unittest,1
python unit testing,1
python unit test,1
how to write unit tests,1
unittest module,1
neural network,1
siraj raval,1
deep neural networks,1
neurons,1
calculus,1
learning,1
machine,1
python automation,1
learn python from scratch,1
learn python programming for beginners,1
freecodecamp python,1
techworld with nana,1
python zero to hero,1
python complete course,1
regular expressions,1
regex,1
re module,1
python re,1
python regular expressions,1
python re module,1
python regex,1
python regex module,1
regular expression,1
re,1
programming tutorials,1
match patterns,1
best python modules,1
python modules,1
most useful python modules,1
top 18 python modules,1
top python modules,1
modules in python,1
Python prjects fpr beginners,1
Python Basic,1
Easy python projects,1
Python hacks,1
App with python,1
whats app,1
Whats app hacking,1
Hacking Whats app,1
Automate whatsapp,1
Whatsapp automation,1
efteling,1
nieuwe onride,1
python efteling,1
python onride,1
efteling onride,1
attractiepark,1
kaatsheuvel,1
looping,1
kurkentrekker,1
stalen achtbaan,1
efteling achtbaan,1
efteling attractie,1
dubbele looping,1
stalen,1
achtbaan,1
onride efteling,1
selman kahya,1
kodlama,1
soru cevap,1
website gelistirme,1
canl yayn,1
while loop,1
while loops,1
break statement,1
the break statement,1
programador,1
programar,1
tecnologia,1
introducao python,1
python brasil,1
alura,1
guilherme silveira,1
google colab notebook,1
Colaboratory,1
bot,1
bots,1
image,1
recognition,1
image recognition,1
15,1
minutes,1
smart image recognition,1
kian,1
brose,1
smart bots,1
in 15 minutes,1
short,1
botting tutorial,1
smart botting,1
bot tutorial,1
python bot tutorial,1
python botting tutorial,1
python image recognition,1
python smart bot,1
python bot,1
how to make python bot,1
how to make a python bot,1
python bot tutorial fast,1
how to make smart bot with python,1
computer vision tutorial,1
FACE RECOGNITION,1
ATTENDANCE PROJECT,1
FACE RECOGNITION & ATTENDANCE PROJECT,1
face recognition python,1
face opencv,1
face recognition opencv,1
face recognition attendance system,1
face recognition,1
face detection,1
attendance system,1
facial recognition,1
face recognition with python,1
opencv3,1
cv2,1
video analysis,1
face detection opencv,1
face recognition opoencv,1
face detection using opencv,1
how to do face recognition,1
data analysis,1
python matplotlib,1
mathplotlib,1
groupby,1
csv python,1
real world,1
apply method in pandas,1
data exploration,1
data cleaning,1
jupyter notebook tutorial,1
spreadsheets python,1
excel python,1
plotting,1
graphing,1
csv,1
panda,1
PythonExcel,1
machine learning tutorial,1
python tutorial advanced,1
jupyter,1
machine learning tutorial for beginners,1
machine learning with python,1
machine learning course,1
introduction to machine learning,1
learn python basics,1
python basics for beginners,1
python operators,1
Edureka python,1
Leopard,1
Hello World Program,1
python hello world,1
aprenda python do zero,1
aula de python,1
kteam,1
howkteam,1
lap trinh kteam,1
lap trinh python co ban,1
ngon ngu python,1
SciPy,1
python master,1
what does it take to master python,1
python mastery,1
how to master python in 100 days,1
python masterclass,1
vscode,1
vscode python,1
python visual studio,1
vscode setup,1
visual studio code setup,1
python in visual studio code,1
python development environment,1
vscode windows,1
python vs code,1
vs code windows,1
python windows vscode,1
python mac vs code,1
faits interessants,1
histoires vraies,1
porc-epic,1
dans le monde animal,1
habitat des porcs-epics,1
serpent geant,1
sur les animaux,1
animaux sauvages,1
les animaux s'entraident,1
les animaux se sauvent les uns les autres,1
histoires sur les animaux,1
Business Insider,1
Spam,1
Email,1
SPAM,1
Spamming,1
Email spam,1
learn iOS,1
learn app development,1
build apps,1
app development,1
app tutorial,1
iOS tutorial,1
coding tutorial,1
javascript programming,1
android developer,1
programming languages to learn in 2021,1
kurs,1
tworzenie,1
poradnik,1
dla poczatkujacych,1
IDE,1
pl,1
polska,1
poland,1
polski,1
po polsku,1
[PL],1
prosty,1
atwy,1
przyjemny,1
zajebisty,1
jezyk,1
poradnik pl,1
instalacja,1
konfiguracja,1
konfigurowanie,1
uruchamianie,1
pierwszy,1
pisanie,1
do,1
konsoli,1
konsola,1
1974,1
trailers,1
movieclips,1
patsy,1
tuto,1
coder,1
apprendre a coder,1
cours programmation,1
formation python,1
apprendre python,1
installer python,1
langage de programmation,1
langage python,1
programmation informatique,1
programmation orientee objet,1
programmation python,1
programmation python debutant,1
programmation pour debutant,1
Python Ints,1
Python Floats,1
Integers,1
Python Integers,1
Python math,1
Python arithmetic,1
integers,1
floats,1
Python Egg Hatching,1
snake bangladesh,1
snake skin,1
birds,1
asian snake,1
india snake,1
kobra,1
sap,1
hap,1
sapp,1
independenttv,1
sorbosesh,1
dhaka news,1
khobor,1
latest khobor,1
datascience,1
analytics,1
4.0,1
diemthi,1
hack,1
hieupc,1
learn python in 10 minutes,1
learn python in 4 hours,1
learn python in one video,1
learn python for beginners,1
python programming projects,1
python tutorial intermediate,1
python tutorial 2020,1
how to learn python step by step,1
numpy course,1
web,1
js,1
rust,1
geekbrains,1
javarush,1
css,1
Install OpenCV,1
Install OpenCV for Python on Windows 10,1
what is pandas,1
pandas python,1
how to use pandas in python,1
learn pandas,1
gui python,1
howCode,1
how,1
howcode.org,1
howco.de,1
5 minutes,1
bondi vet full episode,1
bondi vet dr chris brown,1
bondi vet dog giving birth,1
bondi vet dog surgery,1
vet on the hill full episode,1
vet on the hill dr scott miller,1
vet on the hill,1
vet on the hill bam bam,1
vet on the hill season 2,1
bondi vet dr lisa chimes,1
most dangerous dogs in the world,1
puppy training basics,1
aggressive dog,1
dog training,1
bondi vet,1
vet on richmond hill,1
dr. lisa chimes bondi vet,1
tim Faulkner bondi vet,1
Adam Savage (TV Producer),1
Monty pYthon,1
Mythbusters,1
Conversation,1
The Commonwealth Club of California,1
San Francisco,1
Silicon Valley,1
Arena,1
San Jose Theater,1
JC,1
karas,1
tensorflow,1
option trading,1
options,1
option strategy,1
stock trading,1
options trading,1
how to trade,1
tastyworks,1
trade profitable,1
broker,1
broker platform,1
option broker,1
options explained,1
options education,1
option education,1
option basics,1
options basics,1
trading strategies,1
trading broker,1
algorithmic trading,1
algo trading,1
trading bot,1
code a trading bot,1
algorithmic trading tutorial,1
quantconnect,1
quantconnect tutorial,1
trading algorithm,1
automated trading,1
python tutorial for absolute begginers - #2 lists (fast pace),1
#100SecondsOfCode,1
Corey Schafer,1
Programming with Mosh,1
Tech with Tim,1
intro to programming,1
coding for beginners,1
python lists tutorial,1
python as fast as possible,1
python speed course,1
speed course python,1
python tutorial tech with tim,1
tech with tim python,1
tech with tim python beginner,1
python speed tutorial,1
python overview,1
python summary,1
multiprocessing,1
python multiprocessing,1
parallel,1
python parallel,1
concurrent.futures,1
concurrent futures,1
processpoolexecutor,1
process pool,1
concurrent,1
parallelism,1
threading,1
concurrency,1
multiprocessing in python,1
TavisRudd,1
intermediate python projects,1
intermediate python course,1
python project ideas for intermediate,1
Die Wunder dieser Welt,1
Interessante Fakten,1
wahre Geschichte,1
Stachelschwein,1
Tiere,1
in der Welt der Tiere,1
Stachelschweine Lebensraum,1
Pythons,1
Riesenschlange,1
tiere,1
geschichte aus dem leben,1
wilde tiere,1
wildtiere,1
geschichten uber tiere,1
hund,1
interessante geschichte,1
echte geschichten,1
Python developer roadmap GitHub,1
Python developer roadmap 2020,1
Python-roadmap GitHub,1
Python roadmap Reddit,1
How to become Python expert,1
How long to become an expert in Python,1
How to become a professional Python programmer,1
Python tutorial,1
tutorial with python in dash,1
browser-based interactive data visualization,1
Data Visualization GUIs with Dash,1
Plotly Dash Tutorial,1
interactive web applications,1
introduction to dash plotly,1
Dash series for Python,1
Dash and plotly tutorial series,1
Introduction to Plotly Dash Web Application Development,1
Data Visualization GUIs,1
web app dashboards,1
web application dashboard,1
dash,1
ploty,1
dash plotly callback,1
sentdex dash,1
dash app tutorial,1
Dash in 5 Minutes,1
Top 10,1
10 Most,1
#Mind Warehouse,1
mind warehouse,1
mindwarehouse,1
your mind is my wearhouse,1
your mind is my warehouse,1
blow your mind,1
top 5,1
mind blowing,1
mind tricks,1
facts,1
people,1
brain,1
the world,1
Slept,1
Every Night,1
Deadly Truth,1
weirdest habits,1
habits of animals,1
Suspicious diet,1
Bored to death,1
Humble greeting,1
Strange grimace,1
Danger warning,1
Passion for cleanliness,1
Cute attack,1
Yummy food,1
Holy Grail 40th Anniversary,1
Bluray,1
DVD,1
Efteling,1
Vijf Zintuigen,1
Europa-Park,1
attractie,1
reportage,1
backstage,1
attraction,1
darkride,1
coaster,1
Making of,1
Making,1
of,1
fabric,1
CSM,1
De Python,1
TUV Nederland,1
How is it made,1
renovation,1
renovatie,1
herbouw,1
bouw,1
testen,1
giris,1
degiskenler,1
atama,1
toplama,1
bilgisayar kavramlar,1
Takafumi,1
Horie,1
software design patterns,1
software design principles,1
software design python,1
how to design a software using python,1
python software design,1
python software design patterns,1
software design,1
design patterns python,1
expert python programming,1
become expert in python,1
python programming tips,1
expert in python programming,1
python roadmap,1
python advanced tutorial,1
python expert tutorial,1
python advanced programming,1
advanced python,1
advanced python programming,1
advanced python tutorial,1
python developer roadmap,1
python advanced,1
python beginner to advanced,1
computers,1
computerphile,1
Sudoku,1
Professor Thorsten Altenkirch,1
Lazy,1
Laziness,1
ioan plugar,1
#ityoutubersru,1
develop,1
fo,1
rest api python,1
python rest api,1
python rest api tutorial,1
api rest tutorial,1
python rest api tutorial for beginners,1
flask rest api tutorial,1
flask rest api python,1
python flask rest api,1
python flask api,1
rest api tutorial,1
python rest api flask,1
rest api with flask and python,1
rest api with flask,1
rest api python tutorial,1
rest api tutorial for beginners,1
build rest api python,1
flask python,1
3,1
Universal Pictures,1
miracle of birth,1
birth,1
birth scene,1
Graham Chapman,1
Monty Python Scene,1
Monty Python Holy Grail,1
medical sketch,1
doctor sketch,1
1983 comedy,1
Life of Brian,1
the miracle of birth,1
the meaning of life clip,1
monty python movie clips,1
monty pythons the meaning of life,1
the meaning of life tobuscus,1
maths,1
mathematiques,1
cours,1
exercices,1
lycee,1
langage,1
console,1
executer,1
editer,1
affectation,1
affecter,1
instruction,1
algo,1
algorithme,1
algorithmique,1
programme,1
programming languages,1
coding languages,1
programming languages 2021,1
coding languages 2021,1
top 5 coding languages,1
top 5 programming languages,1
javascript 2021,1
javascript to get a job,1
python to get a job,1
best programming language,1
best coding language,1
best coding languages 2021,1
c#,1
coding language to get a job,1
top coding language,1
Python Baby Crocodile Molly Fish Cowfish Zebrafish Silurus Glanis Cichlid Tiger Barb Animals Video,1
Baby Crocodile,1
Cowfish,1
Zebrafish,1
Silurus Glanis,1
Cichlid,1
Tiger Barb,1
Animals Video,1
victorroblesweb.es,1
aprende python,1
python en 15 minutos,1
aprende python en 15 minutos,1
python en un dia,1
aprender python hoy,1
master en python,1
python espanol,1
programacion desde cero,1
paso a paso,1
python grafico,1
data science python tutorial,1
data science tutorial python,1
business intelligence,1
ciencia de dados,1
ciencia de dados e inteligencia artificial,1
ciencia de dados curso,1
ciencia de dados na pratica,1
ciencia de dados python,1
python para ciencia de dados,1
python pandas tutorial,1
python pandas tutorial portugues,1
cientista de dados,1
Jupyter,1
android automation,1
python android,1
stick hero,1
adb,1
monkeyrunner,1
pep,1
pep8,1
python data model,1
tmux,1
php vs python,1
zen of python,1
guido van rossum,1
cws,1
programacion orientada a objetos,1
programacion funcional,1
ano 1989,1
programacion imperativa,1
lenguaje ABC,1
amoeba OS,1
develoteca,1
python web#5,1
que es python y para que sirve,1
conoces python,1
lenguajes de programacion,1
input python,1
Guido van Rossum,1
python para principiantes,1
amigoscode,1
python 3.9,1
how to learn python for free,1
python for absolute beginners 2020,1
with,1
Import,1
pip,1
hand tracking,1
hand tracking opencv,1
opencv hand tracking,1
opencv hand,1
hand gesture opencv,1
opencv realtime hand gesture,1
mediapipe,1
opencv media pipe,1
mediapipe python,1
opencv tutorial mediapipe,1
mediapipe hand tracking,1
opencv hand tracking mediapipe,1
schlange frisst kater,1
katze vor schlange gerettet,1
schlange frisst katze,1
Thailand,1
schlange,1
python beim Fressen,1
python frisst,1
python wurgt kater,1
schlange wurgt kater,1
DavidBeazley,1
dataclasses,1
attrs,1
mcoding,1
6259666120001,1
fb,1
msn,1
opinion,1
outsiders,1
usa,1
yt,1
devmedia,1
curso gratuito python,1
Python - curso completo para iniciantes,1
curso de programacao gratuito,1
Curso Python aula 01 - Seja um Programador,1
ti,1
como aprender a programar do zero,1
programar do zero,1
phyton,1
python terminal snake,1
python snake game,1
snake game python,1
Comenius University In Bratislava (College/University),1
matfyz,1
fmfi,1
fmph,1
vysoka,1
skola,1
matematika,1
informatika,1
prednaska,1
blaho prednaska,1
blaho programovanie,1
programovanie prednaska,1
python prednaska,1
programovanie python,1
jazyk python,1
python programovanie,1
python uvod,1
blaho python,1
aka,1
moozlie,1
don design,1
sa hip hop,1
african music,1
cassper nyovest,1
kwesta,1
AKA feat. Don Design & Moozlie,1
Hip Hop,1
Sound African Recordings,1
C language,1
computer programming language,1
computer programming for beginners,1
python programming examples,1
python programming pdf,1
python syntax,1
python tamil book,1
python full tutorial in tamil,1
python tutorial in tamil youtube,1
python tutorial class in tamil,1
python functions in tamil,1
python book in tamil pdf,1
golang,1
be geek,1
telegram python,1
telegram api,1
golang telegram,1
freelancer,1
freelance python,1
python scrape,1
scrape site,1
upwork 2020,1
fl,1
fl python,1
Independent,1
!,1
gazipur,1
Dhaka,1
NewsBD,1
Bangladesh,1
dhaka,1
somoy tv,1
Independent tv,1
Jamuna tv,1
Jamuna,1
Histoires vraies,1
animaux de compagnie inhabituels,1
faits sur les animaux,1
jeune femme et python,1
amitie humain et python,1
Self-Driving Cars,1
Learn Computer Vision,1
text detection,1
neural networks,1
ocr,1
optical character recognition,1
text recognition,1
ocr api,1
opencv text recognition,1
opencv ocr,1
Text Detection with OpenCV,1
OCR using Tesseract,1
Tesseract (2020),1
Text Detection with OpenCV in Python,1
image to text,1
how to convert image to text,1
recognize text,1
detect text opencv,1
extract character,1
character recognition,1
opencv tesseract,1
TESSERACT PYTHON,1
wifi dos,1
wifi doser,1
wifi,1
scanner,1
wifi scanner,1
python scan,1
hacking,1
hackers,1
ethical hacker,1
ethical hacking,1
hacker,1
hacking course,1
hacking tutorial,1
black hat hacking,1
learn hacking,1
ethical hacking tutorial,1
ceh,1
kali linux,1
oscp certification,1
elearnsecurity,1
ine,1
ctf,1
how to hack,1
learn ethical hacking,1
cyber security course,1
windows 10 python,1
python wifi,1
wifi password,1
wifi tips,1
denial of service,1
ddos attack,1
dos,1
Python automation,1
Excel automation,1
Python excel tutorial,1
Python excel beginner,1
Automation Python,1
How to automate python,1
Python automation ideas,1
Python Automation tutorial,1
Task automation with Python,1
Python Automation Project,1
Automate excel in Python,1
Python excel automation,1
Python data anlysis,1
Openpyxl Python,1
Openpyxl tutorial,1
python coding challenge,1
python malayalam tutorial,1
python basic tutorial malayalam,1
python data science tutorial malayalam,1
learn python malayalam,1
easy python coding tutorial malayalam,1
python malayalam,1
crossroads,1
nikhilkilivayil,1
nikhil kilivayil,1
best python tutorial in malayalam,1
malayalam programming tutorial malayalam,1
malayalam coding tutorial,1
best malayalam coding tutorial,1
Massachusetts Institute Of Technology (College/University),1
MITx,1
Computational Thinking,1
MOOC,1
edX,1
Computer Science (Field Of Study),1
college,1
online learning,1
elearning,1
free courses online,1
free courses,1
online education,1
Computer (Industry),1
pourquoi python,1
c'est quoi python,1
pourquoi apprendre python,1
que faire avec python,1
python dersi,1
engin demirog,1
dasturlash,1
dasturchi,1
dastur,1
organish,1
programmist,1
dasturlash tillari,1
dasturlash tili,1
dasturlash-tili,1
xaqida,1
haqida,1
programmistlar,1
pythonni,1
o'rnatish,1
ornatish,1
1-dars,1
darslar,1
onlayn kurs,1
onlayn,1
dars,1
xakerlar,1
algoritm,1
nima,1
qanday,1
algoritmni,1
python tili,1
telegram,1
toshkent,1
Botir,1
Ziyatov,1
Python - Kirish,1
hello-world,1
O'rnatish,1
qilish,1
birinchi-dastur,1
dastur yaratish,1
pythonda,1
Ozbekistonda,1
uyda,1
qoling,1
pythondan,1
djangoni,1
python.uz,1
python-darslari,1
linguaggio di programmazione,1
corso completo,1
tutorial completo,1
niktorthenat,1
italiano,1
ita,1
imparare,1
scoprire,1
studiare,1
apprendere,1
programmazione,1
corso,1
lezioni,1
lezione,1
scuola,1
formazione,1
gratis,1
semplice,1
facile,1
Easy,1
cbs,1
news,1
british sketch,1
series,1
uk,1
hoc python,1
hoc lap trinh,1
tu hoc lap trinh,1
tu hoc python,1
hoc python co ban,1
hoc python cho nguoi moi bat au,1
cach hoc lap trinh,1
hoc lap trinh co ban,1
hoc python trong 6 tieng,1
linh ei,1
du hoc sinh,1
du hoc sinh uc,1
python in telugu,1
python tutorial in telugu,1
python introduction in telugu,1
programming tutorials in telugu,1
python tutorial for programmers,1
learn python in telugu,1
Polymorphism in python,1
Operator Overloading in python,1
Duck Typing in python,1
Method Overriding in python,1
Operator Overloading,1
Method Overriding,1
python for loop,1
for loops in python,1
user input in python,1
dictionary as argument,1
Primitive Technology: Build Underground Python Trap Using Big Plastic Bottle with PVC Work 100%,1
how to make snake trap,1
Survival Skills,1
Survival Skills Primitive,1
survival,1
skills,1
primitive life,1
git,1
ipython,1
html/css,1
chrome developer tools,1
tutorial python portugues,1
curso em video,1
curso em video python,1
python 2,1
tutorial de python em portugues,1
linguagem de programacao,1
curso de python gratis,1
curso de python gratuito,1
Go,1
GoProgramming,1
Golang,1
MatLab,1
Image,1
Processing,1
Construct2,1
JAVAGUI,1
Database,1
NOSQL,1
MEANSTACK,1
Tutotial,1
JavaThailand,1
Udemy,1
Coding,1
ProgrammerThailand,1
Laravel,1
rest apis,1
api introduction,1
get,1
post,1
put,1
delete,1
put vs post,1
post vs put,1
idempotent,1
sqlalchemy,1
trailer,1
full movie trailer,1
official teaser,1
theatrical trailer,1
best trailer,1
must see movie,1
preview,1
classic movie,1
world cinema,1
classic trailer,1
cult movie,1
cinema movie,1
holy grail movie,1
holy grail monty python,1
monty python movie,1
monty python full movie trailer,1
monty python trailer,1
monty python scene,1
holy grail 1975,1
monty python 1975,1
monty python and the holy grail trailer,1
daymolition,1
rap,1
rap fr,1
hip hop,1
new,1
nouveau,1
nouveaute,1
freestyle,1
meilleur,1
python excel,1
python excel automation,1
python excel tutorial,1
python excel manipulation,1
python excel data processing,1
excel,1
excel automation,1
python excel data,1
automation,1
openpyxl,1
install openpyxl,1
openpyxl excel formatting,1
installing openpyxl,1
openpyxl automate,1
excel openpyxl,1
python openpyxl tutorial,1
using python to automate excel,1
python automation projects,1
excel python automation,1
openpyxl tutorial,1
jak nauczyc sie programowania,1
kamil brzezinski,1
jak zostac programista,1
kurs programowania,1
programy do programowania,1
programowanie nauka,1
jezyki programowania,1
kursy programowania,1
nauka programowania,1
programowanie nauka od podstaw,1
podstawy programowania,1
kurs programowania od podstaw,1
programowanie kurs,1
programowanie kursy,1
kurs programisty,1
programista,1
programowanie aplikacji,1
python podstawy,1
kurs python,1
usos de python,1
para que se usa python,1
areas de la programacion,1
sectores de la programacion,1
areas de python,1
inteligencia artificial python,1
analisis de datos,1
por que aprender python,1
que se puede hacer con python,1
introduccion a la inteligencia artificial,1
introduccion machine learning,1
inteligencia artificial,1
curso de inteligencia artificial,1
curso de machine learning,1
yesi days,1
juan villalvazo,1
Movie,1
Horror,1
Terror,1
Piton,1
Serpent,1
Cobra,1
Boa,1
hickok45,1
shooting range,1
steel targets,1
gun safety,1
second amendment,1
Federal Premium,1
Budsgunshop,1
SDI,1
Ballistol,1
Talon Grips,1
how to code,1
lumicube,1
raspberry pi,1
code along,1
code with me,1
Prehistoric Pets,1
Prehistoricpetstv,1
lizards,1
reptiles for kids,1
worlds first,1
egg hatch,1
crazy,1
albino,1
egg clutch,1
suprise clutch,1
never before seen,1
tour,1
buyareptile,1
reptiles with kids,1
programmer life,1
programmer lifestyle,1
engineer,1
software engineer interview,1
software engineer salary,1
language learning,1
data engineer,1
data engineering,1
amazon,1
faceboo,1
jobs,1
interview,1
computer engineering,1
python programacion,1
programacion python,1
programacion en python,1
bucles,1
bucles python,1
python bucles,1
bucles en python,1
ciclos,1
ciclos python,1
python ciclos,1
ciclos en python,1
bucle while,1
bucle while python,1
python while,1
while python,1
ciclo while python,1
python ciclo while,1
ciclo while,1
programacion ats,1
ats,1
python ats,1
tensorflow object detection with python,1
tensorflow object detection,1
object detection tensorflow,1
object detection using tensorflow,1
object detection raspberry pi,1
object detection tutorial,1
object detection python,1
object detection tensorflow 2.0,1
tensorflow object detection api,1
tensorflow object detection tutorial,1
tensorflow object detection raspberry pi,1
tensorflow object detection tutorial for beginners,1
tensorflow object detection api google colab,1
Python GUI Development With PyQt5 Introduction & Creating Window,1
Create GUI with Python,1
Python GUI PyQt5 GUI,1
pyqt5,1
pyqt5 gui development,1
python gui development,1
Python GUI With PyQt5,1
python gui with pyqt5,1
how to create gui with pyqt5 how to create gui with python,1
PyQt5 (Python GUI Library),1
pyqt5 introduction,1
PyQt5 Introduction,1
pyqt5 window,1
pyqt5 creating window,1
pyqt Parwiz Forogh,1
Python Tutorial In Nepali,1
Learn Python In Nepali,1
Learn Python Programming Language In Nepali,1
Python In Nepali,1
In Nepali Learn Python,1
Nepali Programming Channel,1
Learn Programming IN Nepali,1
Nepali Tech Channel,1
Introduction to Python In Nepali,1
Python Tutorial In Nepal,1
IT Channel Nepal,1
Learn Pyhon tutorial in Nepali,1
Variables List Set Tuple Dictonary In Python,1
Swap variables in Pyhon,1
Python Nepal,1
Tech Channel,1
Nepal Technical Channel,1
the reptile zoo fountain valley,1
surprise,1
wild snake,1
until the end,1
reticulated python care,1
snake video,1
dad,1
reptile channel,1
magic,1
PySimpleGUI,1
TKinter,1
project,1
image viewer,1
kevin stratvert,1
elif,1
troubleshoot,1
troubleshooting,1
variable,1
define,1
function,1
functions,1
conditional logic,1
logic,1
condition,1
microsoft,1
notepad,1
text editor,1
integrated development environment,1
white,1
loop,1
library,1
comments,1
strings,1
string,1
text,1
operator,1
super marios bros python,1
super mario bros pygame,1
super mario bros 1,1
super mario bros arcade,1
super mario bros DIY,1
super mario bros programacion,1
super mario bros python programacion,1
crear super mario bros,1
juego super mario bros,1
super mario bros linux,1
super mario bros gameplay,1
super mario bros programar python,1
programacion super mario,1
python juegos clasicos,1
pygame juegos,1
piensa 3d,1
super mario python pygame,1
super mario python,1
super mario python code,1
espanol,1
python lenguaje,1
python en 5 minutos,1
la historia de,1
como usar,1
absolute,1
programozas,1
szoftver,1
fejlesztes,1
kodolas,1
bevezeto,1
magyarul,1
magyar,1
download,1
install,1
windows 10,1
windows 7,1
windows 8,1
macos,1
ubuntu,1
installation,1
desktop,1
laptop,1
anaconda(python),1
spyder,1
jupyterlab,1
how to (web),1
conda,1
anaconda python,1
python anaconda,1
python online,1
python gui,1
install python anaconda,1
install anaconda,1
useful software,1
python (software),1
install anaconda python,1
python arabic,1
zero web school,1
python elzero web school,1
minecraft,1
minecraft hardcore,1
minecraft survival,1
minecraft ultra hardcore,1
minecraft hardcore survival,1
minecraft survival hardcore,1
minecraft ultra hardcore survival,1
minecraft survival ultra hardcore,1
minecraft let's play,1
minecraft hardcore let's play,1
minecraft ultra hardcore let's play,1
let's play minecraft,1
let's play minecraft hardcore,1
let's play minecraft ultra hardcore,1
minecraft episode 1,1
minecraft survival episode 1,1
minecraft hardcore episode 1,1
minecraft 1.17,1
Como sair do zero no python,1
Como sair do zero no python em apenas uma aula,1
Aula de python,1
Pycharm,1
Logica de programacao,1
Logica de programacao no python,1
Como construir um codigo em python,1
Como construir um codigo em python do zero,1
Openpyxl,1
Integracao do python com Excel,1
Twilio,1
Integracao do python com SMS,1
"Pip install
python",1
polyMATHY,1
luke amadeus ranieri,1
luke amadeus,1
luke ranieri,1
polymath,1
polymathy,1
romanes eunt domus,1
romani ite domum,1
romanes eunt domus meaning,1
romanes eunt domus scene,1
monty python's life of brian,1
romanes eunt domus romani ite domum,1
latin movies,1
movies in latin,1
monty python quotes,1
roman soldier,1
romanes eunt domus subtitles,1
monty python sketches,1
romanes eunt domus explained,1
monty python best scenes,1
monty python latin lesson,1
life of brian graffiti scene,1
bug,1
feature,1
Automacao,1
Automacao com Python,1
Automatize qualquer sistema,1
Automatize qualquer sistema ou programa,1
Automatize qualquer sistema ou programa com Python,1
Processo de automacao,1
Processo de automacao no Python,1
Pyautogui,1
Biblioteca pyautogui,1
Controlar mouse,1
Controlar mouse com python,1
Controlar teclado,1
Controlar teclado com python,1
Controlar tela do computador,1
Controlar tela do computador com python,1
io2011,1
App Engine,1
Web,1
Cloud,1
Dev Tools,1
Google APIs,1
Client Library,1
PIP,1
Python IDE,1
Python Framework,1
Django,1
Programacao Python,1
IA,1
Machine Learning,1
PyInstaller,1
Web2Py,1
Flask,1
CherryPy,1
Curso de Python CDFTV,1
CDF,1
Nerd,1
Geek,1
Codigo Fonte,1
Programador,1
Desenvolvedor,1
Linguagem de Programacao,1
Web Developer,1
Coder,1
Informatica,1
Youtuber,1
Gabriel Froes,1
Vanessa Weber,1
TI,1
YoutubeBrasil,1
TibaMe,1
easy snake trap - best creative diy python trap using hoe work 100%,1
python snake trap,1
creative diy python snake trap using hoe,1
creative diy python snake trap,1
amazing trap video,1
Pygame (Software),1
chilimannen,1
MrChilimannen,1
2D,1
SDL,1
Microsoft Windows (Operating System),1
Desktop,1
PyGame,1
Python with Pygame,1
Racing,1
Crossplatform,1
