Tags,Time_Duration
python for everybody,49210.0
university of michigan,49210.0
dr. chuck,49210.0
charles severance,49210.0
dr chuck,49210.0
u of m,49210.0
python tutorial 2019,49210.0
py4e,49210.0
python for everyone,49210.0
edureka python,42982.0
best python course,42982.0
12 hour coding,42901.0
12 hour coding stream,42901.0
coding livestream,42901.0
live coding,42901.0
coding livestream tech with tim,42901.0
python game development,42901.0
multiplayer game python,42901.0
python live coding,42901.0
Python Tutorial for beginners,42744.0
python hindi,42744.0
complete python tutorial,42744.0
python tutorial by harry,42744.0
python tutorial code with harry,42744.0
python tutorial by Harry bhai,42744.0
python tutorial in hindi,42744.0
python class 10 cbse,42744.0
python class 12,42744.0
learn python for free,42744.0
python course in hindi free,42744.0
hindi course python,42744.0
learn python hindi,42744.0
hindi tutorial on python,42744.0
python programming tutorial in hindi,42744.0
cleverprogrammer,39609.0
clever programmer,39609.0
freelancing course,39609.0
freelance,39609.0
django framework tutorial,39609.0
web development 2019,39609.0
web development projects,39609.0
django project,39609.0
web scraping,39609.0
web development 2020,39609.0
python in telugu,38338.0
python tutorial in telugu,38338.0
python introduction in telugu,38338.0
programming tutorials in telugu,38338.0
python tutorial for programmers,38338.0
learn python in telugu,38338.0
Polymorphism in python,38338.0
Operator Overloading in python,38338.0
Duck Typing in python,38338.0
Method Overriding in python,38338.0
Operator Overloading,38338.0
Method Overriding,38338.0
python for loop,38338.0
for loops in python,38338.0
user input in python,38338.0
dictionary as argument,38338.0
python for data science,37516.0
python programming full course,37516.0
intellipaat python,37516.0
Self-Driving Cars,33830.0
Learn Computer Vision,33830.0
freecodecamp,32611.0
python training for beginners,31054.0
Intellipaat,31054.0
JAVA,29555.0
MongoDB,29555.0
Go,29555.0
GoProgramming,29555.0
Golang,29555.0
MatLab,29555.0
Image,29555.0
Processing,29555.0
Construct2,29555.0
JAVAGUI,29555.0
Database,29555.0
NOSQL,29555.0
MEANSTACK,29555.0
Tutotial,29555.0
JavaThailand,29555.0
Udemy,29555.0
Coding,29555.0
ProgrammerThailand,29555.0
Laravel,29555.0
python course for beginners,29486.0
Python Tutorial in Hindi,29330.0
Learn Python in Hindi,29330.0
Python Full Course in Hindi,29330.0
python tutorial 2021,28937.0
python training,28663.0
python language,26780.0
python 2019,26750.0
python tutorial for beginners full,26750.0
python django,26575.0
python programming language,24910.0
python course,22317.0
python programming tutorial,21882.0
python full course,21697.0
c,21688.0
Scratch,21688.0
Entry,21688.0
3.0,21688.0
arduino,21688.0
iot,21688.0
rpa,21688.0
gui,21688.0
tkinter,21688.0
beautifulsoup,21688.0
matplot,21688.0
knn,21688.0
6,21688.0
python nprogramming,21347.0
python dersi,21199.0
engin demirog,21199.0
SUNDEEP,21166.0
SARADHI,21166.0
KANTHETY,21166.0
PROGRAMMING,21166.0
FEATURES,21166.0
APPLICATIONS,21166.0
INTERPRETER,21166.0
PYTHON SHELL,21166.0
INTRODUCTION,21166.0
BEGINNERS,21166.0
PLATFORM INDEPENDENT,21166.0
PYTHON BASICS,21166.0
PYTHON FUNDAMENTALS,21166.0
LIST,21166.0
SET,21166.0
TUPLES,21166.0
DICTIONARY,21166.0
FUNCTIONS,21166.0
LIBRARIES,21166.0
PYTHON IN TELUGU,21166.0
TELUGU TUTORIAL,21166.0
PYTHON FIR BEGINNERS,21166.0
indentation,21166.0
control structures,21166.0
operators,21166.0
membership,21166.0
identity,21166.0
python in single video,21166.0
files,21166.0
conditional statements,21166.0
applications,21166.0
identifiers,21166.0
recursion,21166.0
types of arguments,21166.0
complete python,21166.0
Tkinter,20251.0
Python Tkinter,20251.0
Python GUI,20251.0
Python Application,20251.0
User interface,20251.0
GUI Python,20251.0
Graphical User Interface,20251.0
Python UI,20251.0
Python 3 Programming,20251.0
UI Design,20251.0
UI Python,20251.0
Good Tkinter Application,20251.0
How to program a tkinter application,20251.0
Tkinter Library,20251.0
tk,20251.0
API,20251.0
tkinter tutorial,20251.0
tkinter course,20251.0
developer,20232.0
python automation,19890.0
learn python from scratch,19890.0
learn python programming for beginners,19890.0
freecodecamp python,19890.0
techworld with nana,19890.0
python zero to hero,19890.0
python complete course,19890.0
learn python programming,19578.0
python from scratch,19553.0
tensorflow object detection with python,19542.0
tensorflow object detection,19542.0
object detection tensorflow,19542.0
object detection using tensorflow,19542.0
object detection raspberry pi,19542.0
object detection tutorial,19542.0
object detection python,19542.0
object detection tensorflow 2.0,19542.0
tensorflow object detection api,19542.0
tensorflow object detection tutorial,19542.0
tensorflow object detection raspberry pi,19542.0
tensorflow object detection tutorial for beginners,19542.0
tensorflow object detection api google colab,19542.0
python programming for beginners,19201.0
python coding,18912.0
software development,18398.0
python tutorials,18275.0
django tutorial,18027.0
linguaggio di programmazione,18004.0
corso completo,18004.0
tutorial completo,18004.0
niktorthenat,18004.0
italiano,18004.0
ita,18004.0
imparare,18004.0
scoprire,18004.0
studiare,18004.0
apprendere,18004.0
programmazione,18004.0
corso,18004.0
lezioni,18004.0
lezione,18004.0
scuola,18004.0
formazione,18004.0
gratis,18004.0
semplice,18004.0
facile,18004.0
Easy,18004.0
programming tutorial,17470.0
OpenCV Tutorial,17221.0
Python 3.x.x,17221.0
Online Course,17221.0
Python Guru,17221.0
PyCharm IDE,17221.0
OpenCV,17221.0
OpenCV Tutorial for Beginners,17221.0
Computer Vision,17221.0
Computer Vision Basics,17221.0
Computer Vision Tutorial,17221.0
Image Processing,17221.0
OpenCV Python Tutorial,17221.0
edureka,16525.0
python edureka,16525.0
python tutorial 2018,16012.0
python tutorial for beginners,15995.0
Great Learning,15916.0
Great Lakes,15916.0
Python in Hindi,15916.0
Python tutorial for beginners in Hindi,15916.0
Python Hindi,15916.0
Python Programming in Hindi,15916.0
Python Tutorial in Hindi for beginners,15916.0
Python for Data Science,15916.0
Python for Data Analytics,15916.0
Python for Machine Learning,15916.0
Python Data Science Hindi,15916.0
Python 2020,15916.0
SQL,15744.0
python basics,15695.0
object detection,15445.0
python scripting tutorial,15263.0
how to program,14502.0
python django tutorial,14189.0
python crash course,13724.0
django course,13541.0
python django course for beginners,13541.0
django 2.0 tutorial,13541.0
django docs,13541.0
django framework,13541.0
python django course,13541.0
python django framework,13541.0
Caer,13302.0
python dersleri,13048.0
tamil hacks,13034.0
learn python in tamil,13034.0
python in tamil,13034.0
python beginner guide,13034.0
basic python,13034.0
advance python,13034.0
python tutorials in tamil,13034.0
learn python tutorials,13034.0
yt:cc=on,13020.0
python 2020,12986.0
amigoscode,12907.0
python 3.9,12907.0
how to learn python for free,12907.0
python for absolute beginners 2020,12907.0
Drone coding,12783.0
drone programming,12783.0
drone opencv,12783.0
drone tracking,12783.0
quadcopter opencv,12783.0
quadcopter coding,12783.0
quadcopter programming,12783.0
tello drone,12783.0
tello opencv,12783.0
tello opencv python,12783.0
tello image processing,12783.0
drone programming with python,12783.0
drone programming easy,12783.0
easy tello opencv,12783.0
object tracking tello,12783.0
object detection drone,12783.0
object tracking drone,12783.0
tello drone programming,12783.0
easy programming of drone,12783.0
code tello,12783.0
easy opencv object drone,12783.0
program drone,12783.0
drone code,12783.0
Python Tutorial for Beginners,12614.0
selman kahya,12510.0
kodlama,12510.0
soru cevap,12510.0
website gelistirme,12510.0
canl yayn,12510.0
loops,12483.0
getting started with python,11972.0
nour homsi,11950.0
drnour,11950.0
python for beginners,11784.0
Python course,11584.0
Windows,11514.0
Linux,11514.0
Mac,11514.0
learn python,11400.0
face,11348.0
haar,11348.0
opencv tutorial,11348.0
opencv python tutorial,11348.0
opencv tutorial for beginners,11348.0
opencv python,11348.0
Learn OpenCV,11348.0
install opencv,11348.0
opencv pyhton tutorials,11348.0
opencv projects,11348.0
opencv object detection,11348.0
opencv python install,11348.0
pycharm ide,11348.0
computer vision basics,11348.0
learn computer vision,11348.0
pyautogui,11294.0
Java,11090.0
intermediate python,10908.0
DavidBeazley,10824.0
GUI,10583.0
UI,10583.0
matplotlib,10552.0
pandas,10448.0
Python Project,10357.0
opencv,10239.0
python (programming language),10193.0
karas,10075.0
tensorflow,10075.0
programming for beginners,9994.0
web development,9827.0
Pandas,9802.0
mosh hamedani,9678.0
numpy,9633.0
python tutorial,9190.0
free,9052.0
software engineering,9021.0
trading,8898.0
Learn Python,8852.0
python tutorials for beginners,8754.0
python 3.7,8754.0
software,8633.0
Numpy,8631.0
variables,8627.0
tuto,8173.0
coder,8173.0
apprendre a coder,8173.0
cours programmation,8173.0
formation python,8173.0
apprendre python,8173.0
installer python,8173.0
langage de programmation,8173.0
langage python,8173.0
programmation informatique,8173.0
programmation orientee objet,8173.0
programmation python,8173.0
programmation python debutant,8173.0
programmation pour debutant,8173.0
python programming,8147.0
Python for beginners,8113.0
Python programming,7990.0
jak nauczyc sie programowania,7788.0
kamil brzezinski,7788.0
jak zostac programista,7788.0
kurs programowania,7788.0
programy do programowania,7788.0
programowanie nauka,7788.0
jezyki programowania,7788.0
kursy programowania,7788.0
nauka programowania,7788.0
programowanie nauka od podstaw,7788.0
podstawy programowania,7788.0
kurs programowania od podstaw,7788.0
programowanie kurs,7788.0
programowanie kursy,7788.0
kurs programisty,7788.0
programista,7788.0
programowanie aplikacji,7788.0
python podstawy,7788.0
kurs python,7788.0
Python for Beginners,7642.0
python projects,7375.0
computer vision,7246.0
data science,7214.0
how to learn python fast,6897.0
Programming,6732.0
expert,6723.0
development,6723.0
programlama,6713.0
pyohio,6663.0
pyohio_2018,6663.0
AliceZhao,6663.0
how to learn python for beginners,6572.0
image processing,6532.0
Python Tutorial,6212.0
learning python,5925.0
tech with tim,5758.0
cs50,5737.0
harvard,5737.0
david,5737.0
j.,5737.0
malan,5737.0
Python 3.6,5629.0
Frayne Rosanoff,5542.0
hollywood movies 2016 full movies,5542.0
hollywood movies 2016,5542.0
python movie in hindi,5542.0
python movies full,5542.0
hollywood movies,5542.0
Hollywood Full Movies,5542.0
english movies,5542.0
full english movies,5542.0
hollywood classics full movies,5542.0
english classic movies full length,5542.0
python movie part 1,5542.0
python movie,5542.0
python 2000 full movie online free,5542.0
python 2000 full movie download,5542.0
python 2000 full movie,5542.0
python 2000 full length english movie,5542.0
hollywood action movie new,5542.0
frayne rosanoff movie,5542.0
python 3 tutorial,5534.0
learn python basics,5491.0
python basics for beginners,5491.0
python operators,5491.0
Edureka python,5491.0
PYTHON,5421.0
Python Tutorial In Nepali,5356.0
Learn Python In Nepali,5356.0
Learn Python Programming Language In Nepali,5356.0
Python In Nepali,5356.0
In Nepali Learn Python,5356.0
Nepali Programming Channel,5356.0
Learn Programming IN Nepali,5356.0
Nepali Tech Channel,5356.0
Introduction to Python In Nepali,5356.0
Python Tutorial In Nepal,5356.0
IT Channel Nepal,5356.0
Learn Pyhon tutorial in Nepali,5356.0
Variables List Set Tuple Dictonary In Python,5356.0
Swap variables in Pyhon,5356.0
Python Nepal,5356.0
Tech Channel,5356.0
Nepal Technical Channel,5356.0
Comenius University In Bratislava (College/University),5212.0
matfyz,5212.0
fmfi,5212.0
fmph,5212.0
vysoka,5212.0
skola,5212.0
matematika,5212.0
informatika,5212.0
prednaska,5212.0
blaho prednaska,5212.0
blaho programovanie,5212.0
programovanie prednaska,5212.0
python prednaska,5212.0
programovanie python,5212.0
jazyk python,5212.0
python programovanie,5212.0
python uvod,5212.0
blaho python,5212.0
data analysis,5167.0
python matplotlib,5167.0
mathplotlib,5167.0
groupby,5167.0
csv python,5167.0
real world,5167.0
apply method in pandas,5167.0
data exploration,5167.0
data cleaning,5167.0
jupyter notebook tutorial,5167.0
spreadsheets python,5167.0
excel python,5167.0
plotting,5167.0
graphing,5167.0
csv,5167.0
panda,5167.0
psf,5150.0
pycon2013,5150.0
Dersleri,4897.0
Egitim,4897.0
Seti,4897.0
Yazlm Bilimi,4897.0
Programlama,4897.0
Yazlm,4897.0
Temel,4897.0
Input Alma,4897.0
Kosullu Durumlar,4897.0
Mustafa Murat Coskun,4897.0
While Dongusu,4897.0
For Dongusu,4897.0
Dosyalar,4897.0
Continue,4897.0
Object Oriented Programlama,4897.0
Degiskenler,4897.0
programlama dilleri,4897.0
programlama temelleri,4897.0
programlama nedir,4897.0
programlama nasl yaplr,4897.0
programlama algoritma,4897.0
python nedir,4897.0
python 3.6 dersleri,4897.0
python hack,4897.0
python yapay zeka,4897.0
Python (Programming Language),4858.0
python as fast as possible,4781.0
python speed course,4781.0
speed course python,4781.0
python tutorial tech with tim,4781.0
tech with tim python,4781.0
tech with tim python beginner,4781.0
python speed tutorial,4781.0
python overview,4781.0
python summary,4781.0
with,4701.0
Import,4701.0
pip,4701.0
deep learning,4691.0
vscode,4517.0
vscode python,4517.0
python visual studio,4517.0
vscode setup,4517.0
visual studio code setup,4517.0
python in visual studio code,4517.0
python development environment,4517.0
vscode windows,4517.0
python vs code,4517.0
vs code windows,4517.0
python windows vscode,4517.0
python mac vs code,4517.0
Python,4447.0
rest api python,4441.0
python rest api,4441.0
python rest api tutorial,4441.0
api rest tutorial,4441.0
python rest api tutorial for beginners,4441.0
flask rest api tutorial,4441.0
flask rest api python,4441.0
python flask rest api,4441.0
python flask api,4441.0
rest api tutorial,4441.0
python rest api flask,4441.0
rest api with flask and python,4441.0
rest api with flask,4441.0
rest api python tutorial,4441.0
rest api tutorial for beginners,4441.0
build rest api python,4441.0
flask python,4441.0
Adam Savage (TV Producer),4415.0
Monty pYthon,4415.0
Mythbusters,4415.0
Conversation,4415.0
The Commonwealth Club of California,4415.0
San Francisco,4415.0
Silicon Valley,4415.0
Arena,4415.0
San Jose Theater,4415.0
JC,4415.0
KGMIT,4397.0
MIT,4397.0
graven,4370.0
visual studio code,4337.0
kivy,4314.0
for,4251.0
programowanie,4210.0
python,4180.0
vs code,4159.0
visual studio,4159.0
python hacking,4116.0
python desktop,4116.0
computer,4111.0
Keith Galli,4105.0
Como sair do zero no python,4092.0
Como sair do zero no python em apenas uma aula,4092.0
Aula de python,4092.0
Pycharm,4092.0
Logica de programacao,4092.0
Logica de programacao no python,4092.0
Como construir um codigo em python,4092.0
Como construir um codigo em python do zero,4092.0
Openpyxl,4092.0
Integracao do python com Excel,4092.0
Twilio,4092.0
Integracao do python com SMS,4092.0
"Pip install
python",4092.0
python web,4050.0
learn python online,4029.0
machine learning,4004.0
learn programming,3974.0
introduccion a la inteligencia artificial,3887.0
introduccion machine learning,3887.0
inteligencia artificial,3887.0
curso de inteligencia artificial,3887.0
curso de machine learning,3887.0
yesi days,3887.0
juan villalvazo,3887.0
python curso,3851.0
engineering,3843.0
flask rest api,3805.0
rest api,3805.0
kevin stratvert,3801.0
elif,3801.0
troubleshoot,3801.0
troubleshooting,3801.0
variable,3801.0
define,3801.0
function,3801.0
functions,3801.0
conditional logic,3801.0
logic,3801.0
condition,3801.0
microsoft,3801.0
notepad,3801.0
text editor,3801.0
integrated development environment,3801.0
white,3801.0
loop,3801.0
library,3801.0
comments,3801.0
strings,3801.0
string,3801.0
text,3801.0
operator,3801.0
programming,3735.0
Python Pandas,3627.0
Pandas Library,3627.0
pd,3627.0
Csv,3627.0
Reading CSV in Python,3627.0
Data Science in Python,3627.0
Python Pandas tutorial,3627.0
Data analysis in python,3627.0
how to do data analysis using python,3627.0
Reading excel files with python,3627.0
sorting data,3627.0
pandas library tutorial,3627.0
simple,3627.0
easy,3627.0
groupby in python pandas,3627.0
reset index pandas,3627.0
index python pandas,3627.0
stats in python,3627.0
python statistics,3627.0
io2011,3594.0
App Engine,3594.0
Web,3594.0
Cloud,3594.0
Dev Tools,3594.0
Google APIs,3594.0
Client Library,3594.0
python  1,3541.0
coding,3530.0
SciPy,3521.0
NumPy,3505.0
Numerical Python,3505.0
Matrix,3505.0
Array,3505.0
NumPy vs Lists,3505.0
NumPy Tutorial,3505.0
Linear Algebra,3505.0
Math in Python,3505.0
Why use NumPy,3505.0
Beginner Numpy Tutorial,3505.0
numpy tips,3505.0
numpy tricks,3505.0
Linear algebra python,3505.0
how to use numpy,3505.0
scipy tutorial,3505.0
matlab,3505.0
benefits of numpy,3505.0
numpy lecture,3505.0
Advanced NumPy,3505.0
Numpy lesson,3505.0
how to learn numpy,3505.0
array library,3505.0
lists,3505.0
python lists,3505.0
fast,3505.0
dimension,3505.0
initialize,3505.0
analysis,3505.0
numpy course,3490.0
programacion,3384.0
python pandas,3334.0
data scientist,3334.0
Python Programming,3308.0
programming language,3304.0
code with mosh,3294.0
programming with mosh,3294.0
science,3257.0
regular expressions,3198.0
regex,3198.0
re module,3198.0
python re,3198.0
python regular expressions,3198.0
python re module,3198.0
python regex,3198.0
python regex module,3198.0
regular expression,3198.0
re,3198.0
programming tutorials,3198.0
match patterns,3198.0
python oop,3186.0
python object oriented programming,3186.0
classes python,3186.0
object oriented programming beginners,3186.0
object oriented programming beginners tutorial,3186.0
oop for beginners,3186.0
rest apis,3170.0
api introduction,3170.0
get,3170.0
post,3170.0
put,3170.0
delete,3170.0
put vs post,3170.0
post vs put,3170.0
idempotent,3170.0
sqlalchemy,3170.0
python3,3150.0
FACE RECOGNITION,3144.0
ATTENDANCE PROJECT,3144.0
FACE RECOGNITION & ATTENDANCE PROJECT,3144.0
face recognition python,3144.0
face opencv,3144.0
face recognition opencv,3144.0
face recognition attendance system,3144.0
face recognition,3144.0
face detection,3144.0
attendance system,3144.0
facial recognition,3144.0
face recognition with python,3144.0
opencv3,3144.0
cv2,3144.0
video analysis,3144.0
face detection opencv,3144.0
face recognition opoencv,3144.0
face detection using opencv,3144.0
how to do face recognition,3144.0
data,3125.0
languages,3097.0
beginning python,3097.0
google python class,3097.0
python tutorial google,3097.0
python class,3097.0
python lecture,3097.0
google developers python,3097.0
python video tutorial,3097.0
html5,3097.0
learn cs,3097.0
learn coding,3097.0
hashtag programacao,3043.0
curso de python online,3043.0
programmation,3041.0
python flask,3039.0
artificial intelligence,3001.0
machine learning tutorial,2983.0
python tutorial advanced,2983.0
jupyter,2983.0
machine learning tutorial for beginners,2983.0
machine learning with python,2983.0
machine learning course,2983.0
introduction to machine learning,2983.0
python 3,2973.0
hand tracking,2940.0
hand tracking opencv,2940.0
opencv hand tracking,2940.0
opencv hand,2940.0
hand gesture opencv,2940.0
opencv realtime hand gesture,2940.0
mediapipe,2940.0
opencv media pipe,2940.0
mediapipe python,2940.0
opencv tutorial mediapipe,2940.0
mediapipe hand tracking,2940.0
opencv hand tracking mediapipe,2940.0
RaymondHettinger,2931.0
Python3,2926.0
programlama dili,2906.0
Python 3,2873.0
what is python,2869.0
ide,2867.0
python flask tutorial,2819.0
python flask tutorial for beginners,2819.0
flask tutorial for beginners,2819.0
flask getting started,2819.0
flask hello world,2819.0
flask project,2819.0
python web framework,2819.0
flask web framework,2819.0
python web application,2819.0
web application,2819.0
introduction to python,2794.0
if,2717.0
else,2717.0
Watch,2704.0
Bondi,2704.0
Online,2704.0
Free,2704.0
Download,2704.0
Full Episodes,2704.0
New,2704.0
Latest,2704.0
Episode,2704.0
Series,2704.0
Show,2704.0
Channel 9,2704.0
Host,2704.0
Chris Brown,2704.0
Dogs,2704.0
Cats,2704.0
Foxtel,2704.0
help,2704.0
advice,2704.0
cute,2704.0
puppy,2704.0
cat,2704.0
kitten,2704.0
dog,2704.0
green tree python,2704.0
green tree snake,2704.0
python coding challenge,2676.0
python malayalam tutorial,2676.0
python basic tutorial malayalam,2676.0
python data science tutorial malayalam,2676.0
learn python malayalam,2676.0
easy python coding tutorial malayalam,2676.0
python malayalam,2676.0
crossroads,2676.0
nikhilkilivayil,2676.0
nikhil kilivayil,2676.0
best python tutorial in malayalam,2676.0
malayalam programming tutorial malayalam,2676.0
malayalam coding tutorial,2676.0
best malayalam coding tutorial,2676.0
pycharm,2661.0
multiprocessing,2655.0
python multiprocessing,2655.0
parallel,2655.0
python parallel,2655.0
concurrent.futures,2655.0
concurrent futures,2655.0
processpoolexecutor,2655.0
process pool,2655.0
concurrent,2655.0
parallelism,2655.0
threading,2655.0
concurrency,2655.0
multiprocessing in python,2655.0
jupyter notebook,2619.0
django,2506.0
performance,2493.0
platzi,2479.0
python data science tutorial,2474.0
corey schafer,2470.0
test,2463.0
python api,2443.0
machine learning python,2411.0
AI,2401.0
html,2385.0
datascience,2365.0
analytics,2365.0
4.0,2365.0
diemthi,2365.0
hack,2365.0
hieupc,2365.0
python tips and tricks,2361.0
ternary operator,2361.0
python ternary operator,2361.0
python ternary,2361.0
ternary conditional,2361.0
python underscore,2361.0
context manager,2361.0
enumerate,2361.0
python enumerate,2361.0
python zip,2361.0
python zip function,2361.0
python unpacking,2361.0
python setattr,2361.0
python getattr,2361.0
python dash m,2361.0
python -m,2361.0
python help function,2361.0
python dir function,2361.0
skillshare,2361.0
skillshare.com,2361.0
clean code,2361.0
how to write clean code,2361.0
pythonic,2361.0
unit test,2353.0
unittest,2353.0
unit testing,2353.0
python unittest,2353.0
python unit testing,2353.0
python unit test,2353.0
how to write unit tests,2353.0
unittest module,2353.0
talk,2314.0
Live,2306.0
python excel,2282.0
python excel automation,2282.0
python excel tutorial,2282.0
python excel manipulation,2282.0
python excel data processing,2282.0
excel,2282.0
excel automation,2282.0
python excel data,2282.0
automation,2282.0
openpyxl,2282.0
install openpyxl,2282.0
openpyxl excel formatting,2282.0
installing openpyxl,2282.0
openpyxl automate,2282.0
excel openpyxl,2282.0
python openpyxl tutorial,2282.0
using python to automate excel,2282.0
python automation projects,2282.0
excel python automation,2282.0
openpyxl tutorial,2282.0
flask tutorial,2273.0
python framework,2273.0
flask framework,2273.0
terminal,2261.0
data science tutorial,2242.0
co ban,2175.0
ung dung,2175.0
if else,2175.0
game,2175.0
flappy bird,2175.0
ran san moi,2175.0
exe,2175.0
window,2175.0
python 3.6,2160.0
data science python,2107.0
tutorial,2099.0
curso de python,2047.0
software design patterns,2045.0
software design principles,2045.0
software design python,2045.0
how to design a software using python,2045.0
python software design,2045.0
python software design patterns,2045.0
software design,2045.0
design patterns python,2045.0
flask,2024.0
modulos em python,2009.0
Python package index,2009.0
import,2009.0
python math,2009.0
python random,2009.0
python emoji,2009.0
Automacao,1995.0
Automacao com Python,1995.0
Automatize qualquer sistema,1995.0
Automatize qualquer sistema ou programa,1995.0
Automatize qualquer sistema ou programa com Python,1995.0
Processo de automacao,1995.0
Processo de automacao no Python,1995.0
Pyautogui,1995.0
Biblioteca pyautogui,1995.0
Controlar mouse,1995.0
Controlar mouse com python,1995.0
Controlar teclado,1995.0
Controlar teclado com python,1995.0
Controlar tela do computador,1995.0
Controlar tela do computador com python,1995.0
Tutorial,1989.0
cong nghe,1967.0
tieng anh,1967.0
lap,1967.0
trinh,1967.0
beginner,1967.0
phan mem,1967.0
tu au,1967.0
Dung Lai,1967.0
dung lai,1967.0
dunglailaptrinh,1967.0
dung lai lap trinh,1967.0
object oriented programming python,1941.0
roadmap,1933.0
git,1933.0
ipython,1933.0
html/css,1933.0
chrome developer tools,1933.0
pet,1920.0
python objects,1909.0
Excel,1902.0
indonesian street food,1890.0
indonesia street food,1890.0
curry,1890.0
soup,1890.0
indonesian food,1890.0
manado,1890.0
barstool sports,1880.0
barstool outdoors,1880.0
yp,1880.0
young pageviews,1880.0
battle,1880.0
hunting,1880.0
outdoors,1880.0
outdoors and adventures,1880.0
hunting pythons,1880.0
travel & events,1880.0
adventure,1880.0
snake hunting,1880.0
cotton mouth,1880.0
water moccasin,1880.0
everglades,1880.0
Data Science,1863.0
programador,1839.0
programar,1839.0
tecnologia,1839.0
introducao python,1839.0
python brasil,1839.0
alura,1839.0
guilherme silveira,1839.0
google colab notebook,1839.0
Colaboratory,1839.0
python data science,1836.0
python machine learning,1836.0
Tipos Primitivos,1781.0
print,1781.0
int,1781.0
float,1781.0
bool,1781.0
str,1781.0
tutorial with python in dash,1761.0
browser-based interactive data visualization,1761.0
Data Visualization GUIs with Dash,1761.0
Plotly Dash Tutorial,1761.0
interactive web applications,1761.0
introduction to dash plotly,1761.0
Dash series for Python,1761.0
Dash and plotly tutorial series,1761.0
Introduction to Plotly Dash Web Application Development,1761.0
Data Visualization GUIs,1761.0
web app dashboards,1761.0
web application dashboard,1761.0
dash,1761.0
ploty,1761.0
dash plotly callback,1761.0
sentdex dash,1761.0
dash app tutorial,1761.0
Dash in 5 Minutes,1761.0
larva,1756.0
larva official,1756.0
tuba,1756.0
larva 2016,1756.0
larva season 4,1756.0
larva 2016 full movie,1756.0
larva song,1756.0
larva tuba,1756.0
larva full movie,1756.0
larva animation,1756.0
larva cartoon,1756.0
larva cartoon 2016,1756.0
larva compilation,1756.0
larva episodes,1756.0
larva english full episodes,1756.0
larva english,1756.0
larva full episode,1756.0
larva funny,1756.0
larva hd,1756.0
larva rangers,1756.0
larva netflix,1756.0
larva island,1756.0
larva 2019,1756.0
larva new york,1756.0
lava,1756.0
lavra,1756.0
larva 2017,1756.0
larva 2017 movie,1756.0
larva island full episodes,1756.0
Python developer roadmap GitHub,1751.0
Python developer roadmap 2020,1751.0
Python-roadmap GitHub,1751.0
Python roadmap Reddit,1751.0
How to become Python expert,1751.0
How long to become an expert in Python,1751.0
How to become a professional Python programmer,1751.0
Python tutorial,1751.0
Python Lists,1745.0
Python Tuples,1745.0
Python Sets,1745.0
testing,1739.0
language,1726.0
text detection,1716.0
neural networks,1716.0
ocr,1716.0
optical character recognition,1716.0
text recognition,1716.0
ocr api,1716.0
opencv text recognition,1716.0
opencv ocr,1716.0
Text Detection with OpenCV,1716.0
OCR using Tesseract,1716.0
Tesseract (2020),1716.0
Text Detection with OpenCV in Python,1716.0
image to text,1716.0
how to convert image to text,1716.0
recognize text,1716.0
detect text opencv,1716.0
extract character,1716.0
character recognition,1716.0
opencv tesseract,1716.0
TESSERACT PYTHON,1716.0
TavisRudd,1697.0
hello world,1673.0
tu hoc,1653.0
exercicios resolvidos em Python,1653.0
Exercicios de programacao,1653.0
comando print no Python,1653.0
comando input no Python,1653.0
primeiro programa Python,1653.0
Vet,1651.0
PythonExcel,1618.0
code,1569.0
Gustavo Guanabara,1562.0
lap trinh,1555.0
how to,1531.0
web framework,1505.0
data science python tutorial,1501.0
data science tutorial python,1501.0
business intelligence,1501.0
ciencia de dados,1501.0
ciencia de dados e inteligencia artificial,1501.0
ciencia de dados curso,1501.0
ciencia de dados na pratica,1501.0
ciencia de dados python,1501.0
python para ciencia de dados,1501.0
python pandas tutorial,1501.0
python pandas tutorial portugues,1501.0
cientista de dados,1501.0
Jupyter,1501.0
minecraft,1501.0
minecraft hardcore,1501.0
minecraft survival,1501.0
minecraft ultra hardcore,1501.0
minecraft hardcore survival,1501.0
minecraft survival hardcore,1501.0
minecraft ultra hardcore survival,1501.0
minecraft survival ultra hardcore,1501.0
minecraft let's play,1501.0
minecraft hardcore let's play,1501.0
minecraft ultra hardcore let's play,1501.0
let's play minecraft,1501.0
let's play minecraft hardcore,1501.0
let's play minecraft ultra hardcore,1501.0
minecraft episode 1,1501.0
minecraft survival episode 1,1501.0
minecraft hardcore episode 1,1501.0
minecraft 1.17,1501.0
mine bitcoin python,1500.0
crypto mining python,1500.0
blockchain mining python,1500.0
bitcoin mining python,1500.0
bitcoin mining for beginners,1500.0
python bitcoin miner,1500.0
bitcoin mining code,1500.0
bitcoin mining using python,1500.0
bitcoin mining,1500.0
bitcoin mining with python,1500.0
bitcoin mining tutorial,1500.0
blockchain python,1500.0
bitcoin mining 2021,1500.0
bitcoin mining python script,1500.0
python blockchain,1500.0
python crypto mining,1500.0
bitcoin python,1500.0
python bitcoin,1500.0
bitcoin code,1500.0
bitcoin mining software,1500.0
Game,1483.0
C++ tutorial for beginners,1478.0
python variables,1478.0
KING COBRA,1451.0
king cobra eating snake,1451.0
king cobra eating python,1451.0
Venomous snakes,1451.0
chandler,1451.0
feeding all my pets,1451.0
Reptile room tour,1451.0
google,1438.0
TV,1420.0
option trading,1413.0
options,1413.0
option strategy,1413.0
stock trading,1413.0
options trading,1413.0
how to trade,1413.0
tastyworks,1413.0
trade profitable,1413.0
broker,1413.0
broker platform,1413.0
option broker,1413.0
options explained,1413.0
options education,1413.0
option education,1413.0
option basics,1413.0
options basics,1413.0
trading strategies,1413.0
trading broker,1413.0
algorithmic trading,1413.0
algo trading,1413.0
trading bot,1413.0
code a trading bot,1413.0
algorithmic trading tutorial,1413.0
quantconnect,1413.0
quantconnect tutorial,1413.0
trading algorithm,1413.0
automated trading,1413.0
Curso de Python,1411.0
Hello world,1411.0
basic,1391.0
travel,1381.0
Curso de Programacao para Iniciantes,1322.0
Curso de Programacao em Python,1322.0
python data analysis tutorial,1321.0
python matplotlib tutorial,1321.0
matplot lib tutorial,1321.0
matplotlib tutorial,1321.0
IT,1320.0
Python Functions,1308.0
Python Function,1308.0
def,1308.0
Python def,1308.0
Functional Programming,1308.0
python functions,1308.0
functions in python,1308.0
args,1308.0
kwargs,1308.0
python args,1308.0
python kwargs,1308.0
*args,1308.0
**kwargs,1308.0
python *args,1308.0
python **kwargs,1308.0
best,1280.0
indonesia,1272.0
curso python,1241.0
data analyst,1232.0
iconic,1228.0
iconic characters,1228.0
the life of brian,1228.0
monty python's flying circus,1228.0
eric idle career,1228.0
eric idle interview,1228.0
eric idle gq,1228.0
eric idle characters,1228.0
monty python characters,1228.0
eric idle 2018,1228.0
eric idle iconcic characters,1228.0
eric idle iconic,1228.0
eric idle monty python,1228.0
eric idle movies,1228.0
eric idle simpsons,1228.0
gq,1228.0
gq magazine,1228.0
-,1212.0
Snakes,1194.0
Snaks,1194.0
snake movie,1194.0
snakebytes,1194.0
snakes video,1194.0
piedbald,1194.0
reticulated pythons as pets,1194.0
pet snakes,1194.0
gravid python,1194.0
polymorphism,1194.0
tiger gene,1194.0
codominant mutation,1194.0
reticulated python genetics,1194.0
crocodile monitor,1194.0
anaconda snake,1194.0
giant snakes,1194.0
polymorphic,1194.0
usark,1194.0
world's longest snake,1194.0
world's longest snakes,1194.0
snakebytestv,1194.0
victorroblesweb.es,1188.0
aprende python,1188.0
python en 15 minutos,1188.0
aprende python en 15 minutos,1188.0
python en un dia,1188.0
aprender python hoy,1188.0
master en python,1188.0
python espanol,1188.0
programacion desde cero,1188.0
paso a paso,1188.0
python grafico,1188.0
if else statements,1185.0
how to use if else statements,1185.0
conditional statements python,1185.0
conditional statemets,1185.0
conditionals,1185.0
windows,1180.0
python terminal snake,1174.0
python snake game,1174.0
snake game python,1174.0
python tutorial portugues,1159.0
Prehistoric Pets,1154.0
Prehistoricpetstv,1154.0
lizards,1154.0
reptiles for kids,1154.0
worlds first,1154.0
egg hatch,1154.0
crazy,1154.0
albino,1154.0
egg clutch,1154.0
suprise clutch,1154.0
never before seen,1154.0
tour,1154.0
buyareptile,1154.0
reptiles with kids,1154.0
extreme food,1137.0
giant snake python,1137.0
extreme food the best in indonesia,1137.0
making giant snake python anaconda,1137.0
masak ular,1137.0
cook snake,1137.0
chinese food,1137.0
extreme food snake,1137.0
cook giant python,1137.0
moster river,1137.0
monster snake,1137.0
nau tran ran khong lo,1137.0
cocinar piton serpiente gigante,1137.0
travel thirsty,1137.0
yummy boy,1137.0
makanan khas kalimantan,1137.0
The Young's Story,1137.0
Mukbang,1137.0
Anaconda,1137.0
Extreme market,1137.0
Extreme manado,1137.0
Mukbang snake,1137.0
catfish,1136.0
ace videos,1136.0
florida python,1136.0
pond,1136.0
fishing videos,1136.0
zak catchem,1136.0
rawwfishing,1136.0
coralfish12g,1136.0
shark,1136.0
predatory fins,1136.0
fisherman's life,1136.0
pool,1136.0
cashnasty,1136.0
fish trap,1136.0
jon b.,1136.0
bluegabe,1136.0
carter sharer,1136.0
the king of diy,1136.0
barbs buzzin,1136.0
blakes exotic animal ranch,1136.0
15 foot monster,1136.0
bass,1136.0
618 fishing,1136.0
flair,1136.0
blacktiph,1136.0
cobras,1132.0
monocled cobra,1132.0
chandler's wild life,1132.0
hatching eggs,1132.0
all my pets,1132.0
reptile keeping,1132.0
venomous reptiles,1132.0
turtle,1132.0
demo,1125.0
demolition,1125.0
demoranch,1125.0
demolitionranch,1125.0
ranch,1125.0
vet,1125.0
vetranch,1125.0
offtheranch,1125.0
off,1125.0
the,1125.0
matt,1125.0
dr. matt,1125.0
dr matt,1125.0
dr,1125.0
dr.,1125.0
pypi,1114.0
programacao,1110.0
ethical hacking using python,1103.0
python programmer for ethical hacking,1103.0
cybersecurity using python,1103.0
python networking,1103.0
ethical hacking course,1103.0
ethical hacking programming,1103.0
python for ethical hacking,1103.0
ethical hacking python 3,1103.0
master in ethical hacking python,1103.0
learn python & ethical hacking from scratch,1103.0
ethical hacking edureka,1103.0
cybersecurity edureka,1103.0
Python Video Tutorial,1071.0
polyMATHY,1070.0
luke amadeus ranieri,1070.0
luke amadeus,1070.0
luke ranieri,1070.0
polymath,1070.0
polymathy,1070.0
romanes eunt domus,1070.0
romani ite domum,1070.0
romanes eunt domus meaning,1070.0
romanes eunt domus scene,1070.0
monty python's life of brian,1070.0
romanes eunt domus romani ite domum,1070.0
latin movies,1070.0
movies in latin,1070.0
monty python quotes,1070.0
roman soldier,1070.0
romanes eunt domus subtitles,1070.0
monty python sketches,1070.0
romanes eunt domus explained,1070.0
monty python best scenes,1070.0
monty python latin lesson,1070.0
life of brian graffiti scene,1070.0
Manual de instalacao do Python,1069.0
Como instalar o Python,1069.0
Instalando o Python e o IDLE,1069.0
Faca programas em Python,1069.0
Aprenda a programar em Python,1069.0
Instalando Python no Windows,1069.0
Instalando Python no Linux,1069.0
Instalando Python no Mac OS,1069.0
ioan plugar,1069.0
python arabic,1069.0
zero web school,1069.0
python elzero web school,1069.0
dasar,1067.0
belajar,1067.0
scientific,1067.0
python dasar,1067.0
tutorial python bahasa indonesia,1067.0
pemrograman,1067.0
introduction,1067.0
pengenalan,1067.0
pendahuluan,1067.0
belajar python,1067.0
python indonesia,1067.0
web programming,1067.0
koding python,1067.0
koding,1067.0
belajar python bahasa indonesia,1067.0
belajar python indonesia,1067.0
scipy,1067.0
scraping,1067.0
wifi dos,1062.0
wifi doser,1062.0
wifi,1062.0
scanner,1062.0
wifi scanner,1062.0
python scan,1062.0
hacking,1062.0
hackers,1062.0
ethical hacker,1062.0
ethical hacking,1062.0
hacker,1062.0
hacking course,1062.0
hacking tutorial,1062.0
black hat hacking,1062.0
learn hacking,1062.0
ethical hacking tutorial,1062.0
ceh,1062.0
kali linux,1062.0
oscp certification,1062.0
elearnsecurity,1062.0
ine,1062.0
ctf,1062.0
how to hack,1062.0
learn ethical hacking,1062.0
cyber security course,1062.0
windows 10 python,1062.0
python wifi,1062.0
wifi password,1062.0
wifi tips,1062.0
denial of service,1062.0
ddos attack,1062.0
dos,1062.0
giant python,1059.0
anaconda,1033.0
bhb reptiles,1033.0
python tips,1011.0
python tricks,1011.0
invasive,1010.0
catch em all,1010.0
family,1010.0
jacob feder,1010.0
catch em all fishing,1004.0
fishing,1004.0
Absolute Beginners,993.0
Python for Absolute Beginners,993.0
Python Basics,993.0
Getting Started with Python,993.0
Python 36,993.0
javascript,993.0
catch n cook,993.0
catch n cook python,993.0
giant pythons,993.0
pythons in florida,993.0
chef o,993.0
massive pythons,993.0
eating python,993.0
wild snakes in florida,993.0
catch n cook snake,993.0
iguana,993.0
iguanas falling from trees,993.0
catch n cook iguana,993.0
florida iguana,993.0
iguana man,993.0
iguanas in florida,993.0
iguanas in florida infestation,993.0
eating iguana,993.0
how to catch,993.0
giant iguanas,993.0
giant iguanas in florida,993.0
iguana catch and cook,993.0
python hunting,993.0
robert arrington,993.0
curso de programacion,987.0
king cobra,986.0
ai,984.0
linux,981.0
Python Data Types,981.0
big data,980.0
snake bite,973.0
programmer life,964.0
programmer lifestyle,964.0
engineer,964.0
software engineer interview,964.0
software engineer salary,964.0
language learning,964.0
data engineer,964.0
data engineering,964.0
amazon,964.0
faceboo,964.0
jobs,964.0
interview,964.0
computer engineering,964.0
python master,962.0
what does it take to master python,962.0
python mastery,962.0
how to master python in 100 days,962.0
python masterclass,962.0
binatang,961.0
hewan,961.0
big animals,961.0
ular terbesar,961.0
biggest snake,961.0
ular besar,961.0
program,958.0
food,939.0
django 2,932.0
django 2.0,932.0
django 2.1,932.0
django version 2,932.0
python django 2,932.0
django install,932.0
django tutorial for beginners,932.0
django getting started,932.0
django introduction,932.0
django hello world,932.0
python for absolute beginners,929.0
install python,929.0
python install,929.0
python beginner tutorial,929.0
python setup,929.0
setup python,929.0
python windows,929.0
python windows install,929.0
python mac,929.0
python mac install,929.0
python os x,929.0
python 36,929.0
corey schafer python,929.0
how to learn python,924.0
Object Oriented,924.0
Python Classes,924.0
Python Objects,924.0
Classes in Python,924.0
Python OOP,924.0
Class,924.0
Python Class,924.0
init,924.0
Python init,924.0
__init__,924.0
Instance,924.0
Instances,924.0
Objects,924.0
Object Oriented Programming,924.0
Attributes,924.0
Methods,924.0
android automation,922.0
python android,922.0
stick hero,922.0
adb,922.0
monkeyrunner,922.0
sadi evren seker,916.0
giris,916.0
degiskenler,916.0
atama,916.0
toplama,916.0
bilgisayar kavramlar,916.0
PySimpleGUI,915.0
TKinter,915.0
project,915.0
image viewer,915.0
animal,905.0
bot,901.0
bots,901.0
image,901.0
recognition,901.0
image recognition,901.0
15,901.0
minutes,901.0
smart image recognition,901.0
kian,901.0
brose,901.0
smart bots,901.0
in 15 minutes,901.0
short,901.0
botting tutorial,901.0
smart botting,901.0
bot tutorial,901.0
python bot tutorial,901.0
python botting tutorial,901.0
python image recognition,901.0
python smart bot,901.0
python bot,901.0
how to make python bot,901.0
how to make a python bot,901.0
python bot tutorial fast,901.0
how to make smart bot with python,901.0
computer vision tutorial,901.0
python function,895.0
python tutorial function,895.0
pep,894.0
pep8,894.0
python data model,894.0
tmux,894.0
php vs python,894.0
zen of python,894.0
mac,892.0
2020,890.0
learn python in 10 minutes,887.0
learn python in 4 hours,887.0
learn python in one video,887.0
learn python for beginners,887.0
python programming projects,887.0
python tutorial intermediate,887.0
python tutorial 2020,887.0
how to learn python step by step,887.0
TUV,885.0
fun,885.0
play,885.0
kids,885.0
teach,885.0
school,885.0
dissect,885.0
study,885.0
feder,885.0
burmese,885.0
giant,885.0
spear,885.0
hunt,885.0
capture,885.0
native,885.0
eat,885.0
15 foot,885.0
raww fishing,885.0
ryan iz fishing,885.0
monster mike,885.0
snake bytes,885.0
bites,885.0
kody antle,885.0
brave wilderness,885.0
coyote peterson,885.0
steve irwin,885.0
irwin,885.0
Efteling,885.0
Vijf Zintuigen,885.0
Europa-Park,885.0
attractie,885.0
reportage,885.0
backstage,885.0
attraction,885.0
darkride,885.0
coaster,885.0
Making of,885.0
Making,885.0
of,885.0
fabric,885.0
CSM,885.0
De Python,885.0
TUV Nederland,885.0
How is it made,885.0
renovation,885.0
renovatie,885.0
herbouw,885.0
bouw,885.0
testen,885.0
master python,883.0
expert python,882.0
mastering python,882.0
python expert,882.0
how to master python,882.0
snake genetics,875.0
docker,874.0
upwork,874.0
golang,874.0
be geek,874.0
telegram python,874.0
telegram api,874.0
golang telegram,874.0
freelancer,874.0
freelance python,874.0
python scrape,874.0
scrape site,874.0
upwork 2020,874.0
fl,874.0
fl python,874.0
python desde cero,873.0
brian barczyk,873.0
leopard gecko,873.0
ball python,873.0
animalbytestv,873.0
make money coding,871.0
make money coding from home,871.0
coding money,871.0
how to make money coding,871.0
freelance coding,871.0
software developer freelance jobs,871.0
freelancing software developer,871.0
how developers make money,871.0
freelance developer tips,871.0
make money programming,871.0
ways to make money coding,871.0
how to make money as a programmer,871.0
software engineer,871.0
how to make money as a software developer,871.0
make money programming online,871.0
freelancing,871.0
aquarium,870.0
computers,861.0
computerphile,861.0
Sudoku,861.0
Professor Thorsten Altenkirch,861.0
Lazy,861.0
Laziness,861.0
visual code,859.0
Jay Brewer,858.0
monster,855.0
neural network,855.0
siraj raval,855.0
deep neural networks,855.0
neurons,855.0
calculus,855.0
learning,855.0
machine,855.0
OOP,850.0
go,849.0
always look on the bright side of life,848.0
ular,841.0
ular terpanjang,841.0
ular raksasa,841.0
penemuan ular,841.0
evakuasi ular,841.0
manda petualang,841.0
panji petualang,841.0
ular tanah,841.0
ular dipong,841.0
ular berbisa,841.0
software developer,839.0
python in arabic,836.0
tutorial de python,833.0
how to code,830.0
lumicube,830.0
raspberry pi,830.0
code along,830.0
code with me,830.0
Programming Language (Software Genre),828.0
snake eggs,824.0
Victor Robles,824.0
Victor Robles WEB,824.0
desarrollo web,824.0
florida,821.0
crocodiles,814.0
diy,814.0
vlog,814.0
homicidal barber,810.0
lumberjack song,810.0
funniest joke,810.0
nudge nudge,810.0
self defense,810.0
fresh fruit,810.0
argument clinic,810.0
upper class twit,810.0
funniest,810.0
greatest,810.0
expert python programming,802.0
become expert in python,802.0
python programming tips,802.0
expert in python programming,802.0
python roadmap,802.0
python advanced tutorial,802.0
python expert tutorial,802.0
python advanced programming,802.0
advanced python,802.0
advanced python programming,802.0
advanced python tutorial,802.0
python developer roadmap,802.0
python advanced,802.0
python beginner to advanced,802.0
while loop,799.0
while loops,799.0
break statement,799.0
the break statement,799.0
Animals attacks 2021,798.0
Animals 2021,798.0
Animals attacks,798.0
Wild Animal Attacks,798.0
reptiles,793.0
coding tutorial for beginners,788.0
programming tutorial for beginners,788.0
javascript tutorial for beginners,788.0
java tutorial for beginners,788.0
como instalar,787.0
como programar,787.0
aprender programacion,787.0
curso desde cero,787.0
curo gratuito,787.0
curso gratis,787.0
curso online,787.0
biggest snake in the world,783.0
TITANOBOA,783.0
biggest snake in the world found alive,783.0
biggest snakes caught on camera,783.0
biggest snakes ever found,783.0
caught on camera,783.0
caught on tape,783.0
worlds biggest anaconda,783.0
biggest snake ever caught on camera,783.0
largest snake,783.0
largest snake ever found,783.0
biggest snakes on earth,783.0
The Biggest Snakes Ever Discovered On Earth,783.0
biggest snakes to ever Exist,783.0
giant anaconda,783.0
giant snake caught on camera,783.0
biggest animals ever,783.0
world list top 10,783.0
web,776.0
js,776.0
rust,776.0
geekbrains,776.0
javarush,776.0
css,776.0
Takafumi,767.0
Horie,767.0
kteam,765.0
howkteam,765.0
lap trinh kteam,765.0
lap trinh python co ban,765.0
ngon ngu python,765.0
amazing,761.0
tiger reticulated python,759.0
python projects examples,757.0
example python programs,757.0
example python applications,757.0
python projects for beginners,757.0
good python projects,757.0
example python projects,757.0
how to make,753.0
reticulated,750.0
lap trinh python,738.0
monty python and the holy grail,733.0
reticulated pythons,727.0
living the dream,722.0
cobra,722.0
king cobra vs python,721.0
ular di dunia,721.0
trending,721.0
penangkapan ular,721.0
alligators,720.0
Python Ints,715.0
Python Floats,715.0
Integers,715.0
Python Integers,715.0
Python math,715.0
Python arithmetic,715.0
integers,715.0
floats,715.0
How to,712.0
hoc python,712.0
hoc lap trinh,712.0
tu hoc lap trinh,712.0
tu hoc python,712.0
hoc python co ban,712.0
hoc python cho nguoi moi bat au,712.0
cach hoc lap trinh,712.0
hoc lap trinh co ban,712.0
hoc python trong 6 tieng,712.0
linh ei,712.0
du hoc sinh,712.0
du hoc sinh uc,712.0
eggs,711.0
bondi vet full episode,709.0
bondi vet dr chris brown,709.0
bondi vet dog giving birth,709.0
bondi vet dog surgery,709.0
vet on the hill full episode,709.0
vet on the hill dr scott miller,709.0
vet on the hill,709.0
vet on the hill bam bam,709.0
vet on the hill season 2,709.0
bondi vet dr lisa chimes,709.0
most dangerous dogs in the world,709.0
puppy training basics,709.0
aggressive dog,709.0
dog training,709.0
bondi vet,709.0
vet on richmond hill,709.0
dr. lisa chimes bondi vet,709.0
tim Faulkner bondi vet,709.0
clutch,708.0
breeding,708.0
Easy Snake Trap - Build Deep Hole Underground Python Trap Using Big Basket Work 100%,707.0
Build Deep Hole Underground Snake Trap,707.0
Easy Snake Trap,707.0
bucket,707.0
top 10,704.0
fish,702.0
#magnetsatisfying,701.0
how to build amazing castle for python and snake,701.0
amazing castle,701.0
castle for python,701.0
snake castle,701.0
python castle,701.0
satisfying,701.0
magnetic,701.0
satisfaction,701.0
magnet creative,701.0
magnetic ball,701.0
magnet construction,701.0
magnet ball,701.0
handicraft,701.0
magnetism,701.0
asmr relax,701.0
playing with magnets,701.0
fun with magnets,701.0
for pet,701.0
codezilla,698.0
snake,697.0
object oriented programming tutorial python,696.0
cs dojo python,696.0
python application,690.0
python data sciencw,690.0
python scripting,690.0
python data visualization,690.0
invasive species,689.0
wildlife,688.0
prehistoric pets tv,683.0
programming languages,682.0
coding languages,682.0
programming languages 2021,682.0
coding languages 2021,682.0
top 5 coding languages,682.0
top 5 programming languages,682.0
javascript 2021,682.0
javascript to get a job,682.0
python to get a job,682.0
best programming language,682.0
best coding language,682.0
best coding languages 2021,682.0
c#,682.0
coding language to get a job,682.0
top coding language,682.0
#ityoutubersru,674.0
develop,674.0
fo,674.0
behind the scenes,671.0
aprender python,671.0
curso de python desde cero,671.0
reticulated python,670.0
retics,666.0
python classes and objects,664.0
computer science,663.0
Primitive Cooking KT,663.0
Primitive Life,663.0
Sleeping Meet Giant Anaconda,663.0
Sleeping Meet Giant Anaconda Python,663.0
Sleeping Meet Giant Anaconda Python Underground Crack,663.0
Meet Giant Anaconda Python,663.0
Meet Giant Anaconda Python Underground Crack,663.0
Giant Anaconda,663.0
Giant Anaconda Python Underground Crack,663.0
Skills Catch Big Python,663.0
Big Python,663.0
reptile room,660.0
reptile room tour,655.0
africa wild animals,655.0
big cat,655.0
wild things,655.0
anaconda vs,655.0
leopard cubs,655.0
baby leopard,655.0
impala vs,655.0
python hunt leopard cubs,655.0
python swallowing leopard cubs,655.0
leopard ambush impala from tree,655.0
python too aggressive,655.0
leopard cubs can't escapes python,655.0
mother leopard save baby fail,655.0
animals save,655.0
animals hunting,655.0
python swallowing leopard cubs when mother hunt impala,655.0
leopard python impala,655.0
mother leopard hunting impala,655.0
cheetah,655.0
giant snake,653.0
magnet satisfying,653.0
magnetic balls,653.0
magnet balls,653.0
how to build,653.0
magnets,653.0
most creative,653.0
magnet asmr,653.0
magnet,653.0
magnet satisfaction,653.0
best python modules,650.0
python modules,650.0
most useful python modules,650.0
top 18 python modules,650.0
top python modules,650.0
modules in python,650.0
python programacion,644.0
programacion python,644.0
programacion en python,644.0
bucles,644.0
bucles python,644.0
python bucles,644.0
bucles en python,644.0
ciclos,644.0
ciclos python,644.0
python ciclos,644.0
ciclos en python,644.0
bucle while,644.0
bucle while python,644.0
python while,644.0
while python,644.0
ciclo while python,644.0
python ciclo while,644.0
ciclo while,644.0
programacion ats,644.0
ats,644.0
python ats,644.0
programmer,642.0
aprenda python do zero,640.0
aula de python,640.0
dead parrot,639.0
cheese shop,639.0
big snake,633.0
kurs,633.0
tworzenie,633.0
poradnik,633.0
dla poczatkujacych,633.0
IDE,633.0
pl,633.0
polska,633.0
poland,633.0
polski,633.0
po polsku,633.0
[PL],633.0
prosty,633.0
atwy,633.0
przyjemny,633.0
zajebisty,633.0
jezyk,633.0
poradnik pl,633.0
instalacja,633.0
konfiguracja,633.0
konfigurowanie,633.0
uruchamianie,633.0
pierwszy,633.0
pisanie,633.0
do,633.0
konsoli,633.0
konsola,633.0
class,632.0
classes,632.0
object,632.0
objects,632.0
instance,632.0
instances,632.0
field,632.0
fields,632.0
method,632.0
methods,632.0
constructor,632.0
socraticapython,632.0
how to program in python,632.0
programming in python,632.0
python classes,632.0
classes in python,632.0
objects in python,632.0
classes and objects in python,632.0
Leopard,628.0
titanoboa,626.0
snake discovery,626.0
leopard vs,625.0
python vs,625.0
asmr,624.0
for loops,622.0
tutorial for beginners,622.0
snakes,621.0
John Cleese,619.0
python projects for intermediate,613.0
python project ideas,613.0
Install OpenCV,613.0
Install OpenCV for Python on Windows 10,613.0
cutter snake trap,610.0
python trap,610.0
build deep hole underground snake trap,610.0
easy snake trap - build underground python trap using plastic bottle & electric fan that work 100%,610.0
python eggs,608.0
snake egg,608.0
what is pandas,608.0
pandas python,608.0
how to use pandas in python,608.0
learn pandas,608.0
techlead,607.0
PyCharm,606.0
#magnetballs,605.0
magnetballs,605.0
lego magnet,605.0
creative magnet,605.0
magnetic art,605.0
do it yourself,605.0
oddly satisfying,605.0
100 satisfaction,605.0
satisfying videos,605.0
satisfying and relaxing,605.0
satisfying magnetic balls,605.0
swimming pool,605.0
python and snake,605.0
snake house,605.0
python house,605.0
water park,605.0
water park for python,605.0
python playground,605.0
snake bites man,603.0
3,603.0
Python Dictionary,599.0
Python dict,599.0
Hashmap,599.0
Associative Array,599.0
Key-Value Pairs,599.0
Python For Beginners,599.0
python dictionary tutorial,599.0
dictionaries in python,599.0
python dictionary,599.0
Top 10,598.0
10 Most,598.0
#Mind Warehouse,598.0
mind warehouse,598.0
mindwarehouse,598.0
your mind is my wearhouse,598.0
your mind is my warehouse,598.0
blow your mind,598.0
top 5,598.0
mind blowing,598.0
mind tricks,598.0
facts,598.0
people,598.0
brain,598.0
the world,598.0
Slept,598.0
Every Night,598.0
Deadly Truth,598.0
weirdest habits,598.0
habits of animals,598.0
Suspicious diet,598.0
Bored to death,598.0
Humble greeting,598.0
Strange grimace,598.0
Danger warning,598.0
Passion for cleanliness,598.0
Cute attack,598.0
Yummy food,598.0
snake feeding,595.0
leopard vs python,595.0
giant python hunt leopard cubs,595.0
animals save fail,595.0
leopard hunt impala,595.0
leopard save cubs from python,595.0
leopard save cubs fail,595.0
big cats,595.0
giant python hunting,595.0
leopard cubs fail escape,595.0
baby leopard vs python,595.0
anaconda hunt,595.0
prehistoricpets,592.0
reptile pets,592.0
snake eyes,592.0
dasturlash,591.0
dasturchi,591.0
dastur,591.0
organish,591.0
programmist,591.0
dasturlash tillari,591.0
dasturlash tili,591.0
dasturlash-tili,591.0
xaqida,591.0
haqida,591.0
programmistlar,591.0
pythonni,591.0
o'rnatish,591.0
ornatish,591.0
1-dars,591.0
darslar,591.0
onlayn kurs,591.0
onlayn,591.0
dars,591.0
xakerlar,591.0
algoritm,591.0
nima,591.0
qanday,591.0
algoritmni,591.0
python tili,591.0
telegram,591.0
toshkent,591.0
Botir,591.0
Ziyatov,591.0
Python - Kirish,591.0
hello-world,591.0
O'rnatish,591.0
qilish,591.0
birinchi-dastur,591.0
dastur yaratish,591.0
pythonda,591.0
Ozbekistonda,591.0
uyda,591.0
qoling,591.0
pythondan,591.0
djangoni,591.0
python.uz,591.0
python-darslari,591.0
Primitive Technology,590.0
reptile zoo,588.0
huge snake,588.0
deep hole snake trap,586.0
snake trap,586.0
easy snake trap,586.0
Python GUI Development With PyQt5 Introduction & Creating Window,584.0
Create GUI with Python,584.0
Python GUI PyQt5 GUI,584.0
pyqt5,584.0
pyqt5 gui development,584.0
python gui development,584.0
Python GUI With PyQt5,584.0
python gui with pyqt5,584.0
how to create gui with pyqt5 how to create gui with python,584.0
PyQt5 (Python GUI Library),584.0
pyqt5 introduction,584.0
PyQt5 Introduction,584.0
pyqt5 window,584.0
pyqt5 creating window,584.0
pyqt Parwiz Forogh,584.0
super marios bros python,584.0
super mario bros pygame,584.0
super mario bros 1,584.0
super mario bros arcade,584.0
super mario bros DIY,584.0
super mario bros programacion,584.0
super mario bros python programacion,584.0
crear super mario bros,584.0
juego super mario bros,584.0
super mario bros linux,584.0
super mario bros gameplay,584.0
super mario bros programar python,584.0
programacion super mario,584.0
python juegos clasicos,584.0
pygame juegos,584.0
piensa 3d,584.0
super mario python pygame,584.0
super mario python,584.0
super mario python code,584.0
espanol,584.0
professional snake handler,582.0
learn iOS,581.0
learn app development,581.0
build apps,581.0
app development,581.0
app tutorial,581.0
iOS tutorial,581.0
coding tutorial,581.0
javascript programming,581.0
android developer,581.0
programming languages to learn in 2021,581.0
PIP,580.0
Python IDE,580.0
Python Framework,580.0
Django,580.0
Programacao Python,580.0
IA,580.0
Machine Learning,580.0
PyInstaller,580.0
Web2Py,580.0
Flask,580.0
CherryPy,580.0
Curso de Python CDFTV,580.0
CDF,580.0
Nerd,580.0
Geek,580.0
Codigo Fonte,580.0
Programador,580.0
Desenvolvedor,580.0
Linguagem de Programacao,580.0
Web Developer,580.0
Coder,580.0
Informatica,580.0
Youtuber,580.0
Gabriel Froes,580.0
Vanessa Weber,580.0
TI,580.0
YoutubeBrasil,580.0
attack,579.0
retic,578.0
lenguaje de programacion,577.0
download,573.0
install,573.0
windows 10,573.0
windows 7,573.0
windows 8,573.0
macos,573.0
ubuntu,573.0
installation,573.0
desktop,573.0
laptop,573.0
anaconda(python),573.0
spyder,573.0
jupyterlab,573.0
how to (web),573.0
conda,573.0
anaconda python,573.0
python anaconda,573.0
python online,573.0
python gui,573.0
install python anaconda,573.0
install anaconda,573.0
useful software,573.0
python (software),573.0
install anaconda python,573.0
Classes,572.0
videos,567.0
gravenilvec,567.0
apprendre le python,567.0
coder python,567.0
les bases du python,567.0
python programmation,567.0
creer des programmes en python,567.0
installer pycharm,567.0
tuto fr python,567.0
tutoriel python,567.0
stop motion cooking,566.0
primitive,566.0
primitive cooking,566.0
animation,566.0
stop motion cooking primitive,566.0
ASMR Cooking,566.0
Cooking ASMR,566.0
cooking,566.0
stopmotion making food,566.0
unusual cooking,566.0
creative cooking,566.0
eating sounds,566.0
asmr mukbang,566.0
python eats alligator,566.0
stop motion cooking goldfish,566.0
mud cooking,566.0
experiment,566.0
stop motion experiment,566.0
stop motion,566.0
big fish hunt fish,566.0
big fish eat fish,566.0
big fish,566.0
golden egg,566.0
big python goldfish,566.0
big python,566.0
c++,562.0
amazing news,562.0
amazing stories,562.0
amazing story,562.0
barcroft animals,562.0
barcroft tv,562.0
documentary,562.0
Barcroftmediaanimalstag,562.0
Beast Buddies,562.0
snake handler,562.0
pet store,562.0
The Reptile Zoo,562.0
reptile species,562.0
amphibians,562.0
arachnids,562.0
reticulated python morphs,562.0
iguanas,562.0
giant tortoises,562.0
monitor lizards,562.0
Beastly,562.0
245875,562.0
February 2020,562.0
diy snake trap,561.0
snake trap technology,561.0
engineer man,560.0
Python Language,558.0
Python Trap Using Electric Fan Guard,558.0
Deep Hole Underground Python Trap,558.0
Deep Hole Python Trap,558.0
Python Snake Trap,558.0
the reptile zoo fountain valley,557.0
surprise,557.0
wild snake,557.0
until the end,557.0
reticulated python care,557.0
snake video,557.0
dad,557.0
reptile channel,557.0
magic,557.0
hickok45,553.0
shooting range,553.0
steel targets,553.0
gun safety,553.0
second amendment,553.0
Federal Premium,553.0
Budsgunshop,553.0
SDI,553.0
Ballistol,553.0
Talon Grips,553.0
snaks,549.0
One Stop Programming,549.0
Beginner,549.0
IDLE,549.0
notepad++,549.0
System Variable,549.0
Python Setup,549.0
Hello World,549.0
Programming Tutorial,549.0
learn to code,548.0
top animals,544.0
animals vs,544.0
moments,544.0
caiman,544.0
python vs caiman,544.0
android,542.0
Python Hole Trap,537.0
cs,537.0
C++,537.0
reptile,536.0
Computer Science,536.0
What is Python With Full Information?,536.0
What is Python With Full Information in Hindi?,536.0
What is python used for,536.0
Python software,536.0
Learn python,536.0
Python programming examples,536.0
Features of python,536.0
Guido Van Rossum,536.0
What is python?,536.0
Python Language History,536.0
Python Language Video in Hindi,536.0
python attack,533.0
dataclasses,530.0
attrs,530.0
mcoding,530.0
#livingthedream,526.0
base,526.0
tornado,526.0
pygame,526.0
kiwy,526.0
2019,526.0
snake bites,523.0
Video Tutorial,523.0
How-to,523.0
Software,523.0
Software Engineering,523.0
Development,523.0
name,523.0
main,523.0
Python Tutorials,523.0
pourquoi python,520.0
c'est quoi python,520.0
pourquoi apprendre python,520.0
que faire avec python,520.0
Primitive Technology: Build Underground Python Trap Using Big Plastic Bottle with PVC Work 100%,517.0
how to make snake trap,517.0
Survival Skills,517.0
Survival Skills Primitive,517.0
survival,517.0
skills,517.0
primitive life,517.0
programozas,516.0
szoftver,516.0
fejlesztes,516.0
kodolas,516.0
bevezeto,516.0
magyarul,516.0
magyar,516.0
anaconda vs crocodile,514.0
easy snake trap - best creative diy python trap using hoe work 100%,513.0
python snake trap,513.0
creative diy python snake trap using hoe,513.0
creative diy python snake trap,513.0
amazing trap video,513.0
animals,512.0
wild animals,510.0
prehistoric pets,507.0
breeding pythons,507.0
reptile collection,507.0
php,502.0
prehistoricpetstv,499.0
jay brewer snake video,499.0
python 2021,496.0
python software,494.0
python download,494.0
snake attack,492.0
primitive technology,492.0
viral,491.0
ruby,490.0
idle,490.0
onride,489.0
rollercoaster,489.0
python lenguaje,485.0
python en 5 minutos,485.0
la historia de,485.0
como usar,485.0
absolute,485.0
tutorial python,482.0
spam,481.0
primitive boy saves komodo dragon from python attack - most amazing wild animal attack,481.0
boy saves komodo dragon from python attack,481.0
most amazing wild animal attack,481.0
tutorial python portugues,479.0
curso em video,479.0
curso em video python,479.0
python 2,479.0
tutorial de python em portugues,479.0
linguagem de programacao,479.0
curso de python gratis,479.0
curso de python gratuito,479.0
java,476.0
informatique,475.0
video,473.0
gui python,472.0
programar en python,471.0
bug,471.0
feature,471.0
IOC,469.0
Olympics,469.0
London 2012,469.0
Games,469.0
Sport,469.0
Athletics,469.0
Track,469.0
Field,469.0
2012,469.0
Rio,469.0
2016,469.0
Brazil,469.0
Team GB,469.0
USA,469.0
China,469.0
Russia,469.0
France,469.0
olympic,469.0
hilarious,469.0
jokes,469.0
closing ceremony,469.0
opening ceremony,469.0
quotes,469.0
rocket,469.0
Beijing,469.0
bits,469.0
laugh,469.0
and now for something completely different,469.0
the meaning of life,469.0
argument,469.0
black knight,469.0
highlights,469.0
intermediate python projects,469.0
intermediate python course,469.0
python project ideas for intermediate,469.0
what can you do with python,468.0
python applications,468.0
Python automation,463.0
Excel automation,463.0
Python excel tutorial,463.0
Python excel beginner,463.0
Automation Python,463.0
How to automate python,463.0
Python automation ideas,463.0
Python Automation tutorial,463.0
Task automation with Python,463.0
Python Automation Project,463.0
Automate excel in Python,463.0
Python excel automation,463.0
Python data anlysis,463.0
Openpyxl Python,463.0
Openpyxl tutorial,463.0
learn,462.0
usos de python,460.0
para que se usa python,460.0
areas de la programacion,460.0
sectores de la programacion,460.0
areas de python,460.0
inteligencia artificial python,460.0
analisis de datos,460.0
por que aprender python,460.0
que se puede hacer con python,460.0
snake collection,458.0
monty python,457.0
jay brewer,457.0
play market,455.0
what is python used for,450.0
backend,450.0
primitive skills,436.0
credit card scammer,433.0
punish scammer,433.0
scam the scammer,433.0
good deed,433.0
panda pied,429.0
jayprehistoricpets,427.0
the reptile zoo,424.0
wild,423.0
education,421.0
Developer,419.0
C language,415.0
computer programming language,415.0
computer programming for beginners,415.0
python programming examples,415.0
python programming pdf,415.0
python syntax,415.0
python tamil book,415.0
python full tutorial in tamil,415.0
python tutorial in tamil youtube,415.0
python tutorial class in tamil,415.0
python functions in tamil,415.0
python book in tamil pdf,415.0
howCode,401.0
how,401.0
howcode.org,401.0
howco.de,401.0
5 minutes,401.0
sketch,400.0
alligator,398.0
wild animal attacks,396.0
wild animals attack,396.0
primitive survival skills,396.0
primitive survival,396.0
boy saves komodo dragon,396.0
saves animal,396.0
animal attacks,396.0
primitive man saves family chicken from python attack,396.0
python attack on chicken nest,396.0
maths,383.0
mathematiques,383.0
cours,383.0
exercices,383.0
lycee,383.0
langage,383.0
console,383.0
executer,383.0
editer,383.0
affectation,383.0
affecter,383.0
instruction,383.0
algo,383.0
algorithme,383.0
algorithmique,383.0
programme,383.0
devmedia,381.0
curso gratuito python,381.0
Python - curso completo para iniciantes,381.0
curso de programacao gratuito,381.0
Curso Python aula 01 - Seja um Programador,381.0
ti,381.0
como aprender a programar do zero,381.0
programar do zero,381.0
phyton,381.0
Animals,380.0
holy grail,377.0
The Lumberjack Song (Composition),356.0
Dead Parrot Sketch (TV Episode Segment),356.0
Monty Python (Comedy Group),356.0
Eric Idle (Author),356.0
Michael Palin (Author),356.0
And Now For Something Completely Different (Film),356.0
tv,354.0
Mongoose,351.0
mongoose vs cobra snake,351.0
battle fight,351.0
honey badger,351.0
eagle vs snake,351.0
mongoose attack,351.0
mongoose fights snake,351.0
fight,349.0
animal channel,349.0
python snakes,347.0
animals attack,347.0
reptiles attack,347.0
crocodile vs snake,347.0
alligator vs snake,347.0
eagle vs lizard,347.0
komodo dragon attack,347.0
comodo,347.0
monkey,347.0
honey badger vs snake,347.0
animals video,347.0
rabbit attack,330.0
danger,330.0
scary,330.0
full hd,330.0
movie,330.0
craigslist scam,327.0
messing with scammers,327.0
koi carp fish,325.0
goldfish,325.0
eaten alive,324.0
tiger python,324.0
attack on human,324.0
deadly venomous snakes,324.0
deadly poisonous snakes,324.0
goat,324.0
mammal,324.0
dead,324.0
cadaver,324.0
dangerous snake,324.0
Dragon,324.0
eric idle,322.0
dangerous animal,320.0
Indigo snake eats python,317.0
eastern indigo snake,317.0
snake killing prey,317.0
dead animal,317.0
aggressive animal,317.0
Everglades,317.0
python vs crocodile,316.0
Primitive Boy Saves Komodo Dragon From Python Attack - Most Amazing Wild Animal Attack,312.0
Boy Saves Komodo Dragon From Python Attack,312.0
chicken,312.0
family chicken,312.0
Python prjects fpr beginners,311.0
Python Basic,311.0
Easy python projects,311.0
Python hacks,311.0
App with python,311.0
whats app,311.0
Whats app hacking,311.0
Hacking Whats app,311.0
Automate whatsapp,311.0
Whatsapp automation,311.0
que es python,307.0
para que sirve python,307.0
pythons,306.0
Wonders of the World,306.0
Interesting facts,306.0
real-life story,306.0
porcupine,306.0
animal world,306.0
porcupine habitats,306.0
wonders of the world hd,306.0
top 10 wonders of the world 2018,306.0
7 wonders of the world,306.0
faits interessants,306.0
histoires vraies,306.0
porc-epic,306.0
dans le monde animal,306.0
habitat des porcs-epics,306.0
serpent geant,306.0
sur les animaux,306.0
animaux sauvages,306.0
les animaux s'entraident,306.0
les animaux se sauvent les uns les autres,306.0
histoires sur les animaux,306.0
Die Wunder dieser Welt,306.0
Interessante Fakten,306.0
wahre Geschichte,306.0
Stachelschwein,306.0
Tiere,306.0
in der Welt der Tiere,306.0
Stachelschweine Lebensraum,306.0
Pythons,306.0
Riesenschlange,306.0
tiere,306.0
geschichte aus dem leben,306.0
wilde tiere,306.0
wildtiere,306.0
geschichten uber tiere,306.0
hund,306.0
interessante geschichte,306.0
echte geschichten,306.0
how to learn to code,298.0
how to learn programming,298.0
how to teach yourself programming,298.0
how to get a job at google,298.0
programming online resources,298.0
how to teach yourself coding,298.0
how I learned coding,298.0
telusko,297.0
navin,297.0
reddy,297.0
aka,295.0
moozlie,295.0
don design,295.0
sa hip hop,295.0
african music,295.0
cassper nyovest,295.0
kwesta,295.0
AKA feat. Don Design & Moozlie,295.0
Hip Hop,295.0
Sound African Recordings,295.0
titanoboa snake,291.0
world record,291.0
world record snake,291.0
animal video,288.0
Socratica,287.0
SocraticaCS,287.0
john cleese,282.0
Merveilles du monde,274.0
les faits,274.0
les animaux,274.0
life of brian,269.0
Florida,267.0
Birth,266.0
clips,262.0
storytrender,261.0
catersnewsagency,261.0
Honey Badger,261.0
Jackal,261.0
nature,261.0
safari,261.0
showdown,261.0
unexpected,261.0
tourist,261.0
twist,261.0
Chobe Park,261.0
Botswana,261.0
Africa,261.0
African,261.0
squeeze,261.0
squeezing,261.0
sneaky,261.0
pair,261.0
triple,261.0
epic,261.0
hungry,261.0
lucky,261.0
prey,261.0
desperate,261.0
escape,261.0
coils,261.0
bbc,258.0
Microsoft,258.0
silly walks,257.0
Every Sperm is Sacred,257.0
crocodile,256.0
robotics,253.0
Universal Pictures,251.0
miracle of birth,251.0
birth,251.0
birth scene,251.0
Graham Chapman,251.0
Monty Python Scene,251.0
Monty Python Holy Grail,251.0
medical sketch,251.0
doctor sketch,251.0
1983 comedy,251.0
Life of Brian,251.0
the miracle of birth,251.0
the meaning of life clip,251.0
monty python movie clips,251.0
monty pythons the meaning of life,251.0
the meaning of life tobuscus,251.0
dangerous,247.0
clip,247.0
why python,247.0
why learn python,247.0
why to learn python,247.0
why you need to learn python,247.0
why should i learn python,247.0
why learn python programming,247.0
why learn python programming language,247.0
why learn python first,247.0
why learn python coding,247.0
why learn python 2019,247.0
why you should learn python programming,242.0
Histoires vraies,242.0
animaux de compagnie inhabituels,242.0
faits sur les animaux,242.0
jeune femme et python,242.0
amitie humain et python,242.0
michael palin,241.0
trailer,239.0
full movie trailer,239.0
official teaser,239.0
theatrical trailer,239.0
best trailer,239.0
must see movie,239.0
preview,239.0
classic movie,239.0
world cinema,239.0
classic trailer,239.0
cult movie,239.0
cinema movie,239.0
holy grail movie,239.0
holy grail monty python,239.0
monty python movie,239.0
monty python full movie trailer,239.0
monty python trailer,239.0
monty python scene,239.0
holy grail 1975,239.0
monty python 1975,239.0
monty python and the holy grail trailer,239.0
python programming language for beginners,237.0
What Can You Do With Python,237.0
Python programming for beginners,237.0
burmese python,236.0
Garaga makan phyton,236.0
Garaga makan ular,236.0
Garaga,236.0
Panji petualang,236.0
Panji,236.0
#panji petualang,236.0
Panji petualang king kobra terbesar,236.0
Teman panji,236.0
King kobra vs piton,236.0
King kobra vs python,236.0
Panji petualang terbaru 2020,236.0
Garaga panji,236.0
Monitoring garaga,236.0
Pelepasan garaga,236.0
Garaga muncul kembali,236.0
Garaga muncul,236.0
Berlliana llovel,236.0
BerllianA,236.0
LLovel,236.0
Battle snake,236.0
King cobra,236.0
Snake fight,236.0
King kobra,236.0
Biggest king kobra,236.0
King kobra terbesar,236.0
TibaMe,235.0
The Meaning of Life,234.0
Snake,233.0
flying circus,231.0
yt:crop=16:9,229.0
the dodo,229.0
Animal Rescue,229.0
dodo,229.0
cute animals,229.0
pets,229.0
pet videos,229.0
wildlife videos,229.0
animals the dodo,229.0
the dodo animals,229.0
rescuing animals,229.0
the dodo python,229.0
rescuing python,229.0
python rescue,229.0
giving python a bath,229.0
cbs,229.0
news,229.0
british sketch,229.0
series,229.0
uk,229.0
heiko kiera,227.0
ojatro,227.0
Monty Python And The Holy Grail (Film),225.0
animaux,224.0
Variables,220.0
Functions,220.0
Lists,220.0
Loops,220.0
Sets,220.0
Dictionaries,220.0
I/O,220.0
Libraries,220.0
Error-Handling,220.0
Statements,220.0
If Statements,220.0
Importing,220.0
always look,219.0
on the bright side,219.0
of life,219.0
official lyric,219.0
singalong,219.0
karaoke,219.0
monty python sings,219.0
sings again,219.0
6259666120001,215.0
fb,215.0
msn,215.0
opinion,215.0
outsiders,215.0
usa,215.0
yt,215.0
discovery channel,214.0
the wildlife,214.0
rap francais,214.0
daymolition,214.0
rap,214.0
rap fr,214.0
hip hop,214.0
new,214.0
nouveau,214.0
nouveaute,214.0
freestyle,214.0
meilleur,214.0
comedy,213.0
animal planet,211.0
funny,208.0
Meaning of Life,204.0
Reptile Channel,200.0
health,200.0
zoology,200.0
master of zoology,200.0
thesis,200.0
Online degree program,200.0
bachelor degree accreditation,200.0
masters degree accreditation,200.0
online masters degree,200.0
online college,200.0
online courses,200.0
snake eating,200.0
snake eats,200.0
eats,200.0
eating,200.0
department of botany and zoology,200.0
rabbit,200.0
african rock python,200.0
snake tries to enter house,200.0
national geographic,199.0
communist,198.0
quiz,198.0
hollywood,198.0
bowl,198.0
world,198.0
forum,198.0
aggressive,197.0
movie clip,197.0
peasent scene,197.0
Scene,197.0
Muse,197.0
Funny,197.0
england,197.0
The All New Channel 2012,197.0
Channel 2012,197.0
Python (Software),196.0
monty,196.0
flying,194.0
circus,194.0
yorkshiremen,194.0
john,194.0
cleese,194.0
graham,194.0
chapman,194.0
terry,194.0
gilliam,194.0
jones,194.0
eric,194.0
michael,194.0
palin,194.0
official trailer,189.0
serpent,183.0
feeding,181.0
1974,181.0
trailers,181.0
movieclips,181.0
patsy,181.0
snake vs alligator,180.0
vs,180.0
burmese pythons,180.0
deadly reptiles,180.0
poison,180.0
venom,180.0
endangered,180.0
plants,180.0
crocodile vs python,180.0
alligator dental,180.0
Terry Jones,177.0
Terry Gilliam,177.0
Eric Idle,177.0
Michael Palin,177.0
conservation,171.0
world news,171.0
wwf,171.0
Hello World Program,167.0
python hello world,167.0
funniest joke ever,165.0
English comedy,165.0
Graham Chapman college humor,165.0
sketch show,165.0
the holy grail,165.0
funny videos,165.0
the pythons,165.0
dead parrot sketch,165.0
official channel,165.0
Trailer,165.0
Galaxy Song,164.0
galaxy song,164.0
stephen hawkins,164.0
monty python music,164.0
monty python songs,164.0
brian cox,164.0
the galaxy,164.0
the universe,164.0
Monty Python Sings (Musical Album),164.0
Stephen Hawking (Academic),164.0
Record Store Day (Holiday),164.0
meaning of life,164.0
the audit,164.0
the argument sketch,164.0
Holy Grail (Film Subject),164.0
Life Of Brian (Film),164.0
python at alligator pond 07,162.0
drinking,162.0
The Everglades,162.0
Heiko Kiera,162.0
Ojatro,162.0
the wild life,162.0
bbc news radio,162.0
Monty Python,160.0
Mr. Creosote,158.0
Monty Python's Meaning of Life,158.0
british comedy,156.0
funny video,156.0
guido van rossum,155.0
cws,155.0
programacion orientada a objetos,155.0
programacion funcional,155.0
ano 1989,155.0
programacion imperativa,155.0
lenguaje ABC,155.0
amoeba OS,155.0
develoteca,155.0
python web#5,155.0
que es python y para que sirve,155.0
conoces python,155.0
lenguajes de programacion,155.0
input python,155.0
Guido van Rossum,155.0
python para principiantes,155.0
university,150.0
Holy Grail 40th Anniversary,149.0
Bluray,149.0
DVD,149.0
classic comedy,148.0
terry gilliam,147.0
classic,144.0
humor,144.0
sketch comedy,144.0
umour,144.0
lyric video,141.0
Comedy,140.0
terry jones,140.0
Movie,140.0
Horror,140.0
Terror,140.0
Piton,140.0
Serpent,140.0
Cobra,140.0
Boa,140.0
Independent,136.0
!,136.0
gazipur,136.0
Dhaka,136.0
NewsBD,136.0
Bangladesh,136.0
dhaka,136.0
somoy tv,136.0
Independent tv,136.0
Jamuna tv,136.0
Jamuna,136.0
venomous,134.0
the everglades,134.0
python vs alligator,134.0
alligator vs python,134.0
Computer Programming (Professional Field),133.0
Python Baby Crocodile Molly Fish Cowfish Zebrafish Silurus Glanis Cichlid Tiger Barb Animals Video,133.0
Baby Crocodile,133.0
Cowfish,133.0
Zebrafish,133.0
Silurus Glanis,133.0
Cichlid,133.0
Tiger Barb,133.0
Animals Video,133.0
Molly Fish,127.0
fish tank,127.0
independent,126.0
latest bangla news,126.0
latest bd news,126.0
live news,126.0
exclusive news,126.0
desher khobor,126.0
bangladesh news,126.0
dangerous reptiles,125.0
animaux sauvage,125.0
wild life,125.0
attaque,125.0
combat,125.0
Monty Python (Actor),124.0
Lumberjack Song,124.0
oduncu gomlegi,124.0
Business Insider,123.0
Spam,123.0
Email,123.0
SPAM,123.0
Spamming,123.0
Email spam,123.0
Python Out From Balloons - Attractive Aquarium (Crocodile Turtle Molly Fish Koi Goldfish Cichlid),121.0
Python Out From Balloons,121.0
Balloons,121.0
Attractive,121.0
Aquarium,121.0
Turtle,121.0
Goldfish Cichlid,121.0
Python (Monty) Pictures Limited,120.0
Python Egg Hatching,117.0
snake bangladesh,117.0
snake skin,117.0
birds,117.0
asian snake,117.0
india snake,117.0
kobra,117.0
sap,117.0
hap,117.0
sapp,117.0
independenttv,117.0
sorbosesh,117.0
dhaka news,117.0
khobor,117.0
latest khobor,117.0
graham chapman,116.0
Holy Grail,115.0
Animals World Wide,113.0
World,113.0
Wide,113.0
fish video,113.0
amazing video,113.0
pet fish,113.0
beautiful fish,113.0
a lot of fish,113.0
cute fish,113.0
cute animals video,113.0
cute animal videos,113.0
Computer Science (Industry),110.0
Koi,103.0
Crocodile,103.0
Massachusetts Institute Of Technology (College/University),100.0
MITx,100.0
Computational Thinking,100.0
MOOC,100.0
edX,100.0
Computer Science (Field Of Study),100.0
college,100.0
online learning,100.0
elearning,100.0
free courses online,100.0
free courses,100.0
online education,100.0
Computer (Industry),100.0
Pygame (Software),100.0
chilimannen,100.0
MrChilimannen,100.0
2D,100.0
SDL,100.0
Microsoft Windows (Operating System),100.0
Desktop,100.0
PyGame,100.0
Python with Pygame,100.0
Racing,100.0
Crossplatform,100.0
python tutorial for absolute begginers - #2 lists (fast pace),98.0
#100SecondsOfCode,98.0
Corey Schafer,98.0
Programming with Mosh,98.0
Tech with Tim,98.0
intro to programming,98.0
coding for beginners,98.0
python lists tutorial,98.0
efteling,93.0
nieuwe onride,93.0
python efteling,93.0
python onride,93.0
efteling onride,93.0
attractiepark,93.0
kaatsheuvel,93.0
looping,93.0
kurkentrekker,93.0
stalen achtbaan,93.0
efteling achtbaan,93.0
efteling attractie,93.0
dubbele looping,93.0
stalen,93.0
achtbaan,93.0
onride efteling,93.0
python vs alligator 10,88.0
python snake,88.0
snake vs crocodile,88.0
poisonous,88.0
deadly fight,88.0
deadly animals,88.0
real fight,88.0
swamp war,88.0
abn news,87.0
abn telugu,87.0
abn andhrajyothi,87.0
abn news live,87.0
abn news online,87.0
abn online,87.0
abn videos,87.0
abn rk videos,87.0
abn live,87.0
abn telugu news,87.0
abn news channel,87.0
abn live news,87.0
ap news,87.0
telangana news,87.0
ap live news,87.0
ap news updates,87.0
hyderabad live news,87.0
telangana live news,87.0
telugu news,87.0
latest news today,87.0
latest telugu news,87.0
Big Python Cute Baby Ranchu Goldfish Molly Ping Pong Angelfish Cichlid Koi Carp Fish animals Videos,85.0
betta fish,85.0
koi fish,85.0
koifish,85.0
pleco,85.0
pleco fish,85.0
carp,85.0
carps,85.0
angelfish,85.0
angel fish,85.0
guppy,85.0
guppy fish,85.0
guppies,85.0
Goldfish,85.0
Rainbow,85.0
Black Koi Fish,85.0
Pink,85.0
Cute Crocodile,85.0
spam song lyric video,84.0
spam email,84.0
monty python spam song,84.0
spam song,84.0
monty python official,84.0
flying circus spam,84.0
monty python spam,84.0
spam spam spam,84.0
monty pythons flying circus,84.0
monty python lyric video,84.0
Monty Python and the Holy Grail,81.0
Knights Wo Say Ni,81.0
schlange frisst kater,80.0
katze vor schlange gerettet,80.0
schlange frisst katze,80.0
Thailand,80.0
schlange,80.0
python beim Fressen,80.0
python frisst,80.0
python wurgt kater,80.0
schlange wurgt kater,80.0
computer language,64.0
Programming Language (Literary Genre),64.0
Programmer (Occupation),64.0
Computer Engineering (Field Of Study),64.0
Computer Scientist (Job Title),64.0
lumberjack lyric,64.0
bruce's song,64.0
philospher song,64.0
bruces song,64.0
rNgs,38.0
MEWx,38.0
cobra gigante na amazonia,38.0
cobra gigantesca,38.0
cobra gigante no rio,38.0
cobra gigante anaconda,38.0
cobra gigante atravessando o rio,38.0
cobra gigante amarela,38.0
cobra gigante assustadora,38.0
a cobra gigante do mundo,38.0
a cobra gigante que apareceu na china,38.0
cobra gigante na agua,38.0
cobra gigante brasil,38.0
cobra bem gigante,38.0
cobra gigante cruzando,38.0
cobra gigante colorida,38.0
cobra gigante cacando,38.0
cobra gigante de verdade,38.0
cobra gigante dentro da agua,38.0
cobra gigante em rio,38.0
Human,29.0
Weapon,29.0
MMA,29.0
ufc,29.0
pride,29.0
fc,29.0
jason,29.0
chambers,29.0
bill,29.0
duff,29.0
silat,29.0
malaysia,29.0
martial,29.0
arts,29.0
instructional,29.0
falkofire,29.0
